# SwarmRoute original Blender geometry; meters, Z up
v 0.116175 -0.201000 0.430000
vn -0.000000 -1.000000 -0.000000
v 0.123525 -0.201000 0.474550
vn -0.000000 -1.000000 -0.000000
v 0.116175 -0.201000 0.481150
vn -0.000000 -1.000000 -0.000000
f 1//1 2//2 3//3
v 0.123525 -0.201000 0.474550
vn 0.000000 -1.000000 -0.000000
v 0.145200 -0.201000 0.481150
vn 0.000000 -1.000000 -0.000000
v 0.116175 -0.201000 0.481150
vn 0.000000 -1.000000 -0.000000
f 4//4 5//5 6//6
v 0.123525 -0.201000 0.474550
vn 0.000000 -1.000000 -0.000000
v 0.145200 -0.201000 0.474550
vn 0.000000 -1.000000 -0.000000
v 0.145200 -0.201000 0.481150
vn 0.000000 -1.000000 -0.000000
f 7//7 8//8 9//9
v 0.116175 -0.201000 0.430000
vn 0.000000 -1.000000 -0.000000
v 0.123525 -0.201000 0.459100
vn 0.000000 -1.000000 -0.000000
v 0.123525 -0.201000 0.474550
vn 0.000000 -1.000000 -0.000000
f 10//10 11//11 12//12
v 0.116175 -0.201000 0.430000
vn -0.000000 -1.000000 -0.000000
v 0.123525 -0.201000 0.452500
vn -0.000000 -1.000000 -0.000000
v 0.123525 -0.201000 0.459100
vn -0.000000 -1.000000 -0.000000
f 13//13 14//14 15//15
v 0.123525 -0.201000 0.452500
vn 0.000000 -1.000000 -0.000000
v 0.144450 -0.201000 0.459100
vn 0.000000 -1.000000 -0.000000
v 0.123525 -0.201000 0.459100
vn 0.000000 -1.000000 -0.000000
f 16//16 17//17 18//18
v 0.123525 -0.201000 0.452500
vn 0.000000 -1.000000 -0.000000
v 0.144450 -0.201000 0.452500
vn 0.000000 -1.000000 -0.000000
v 0.144450 -0.201000 0.459100
vn 0.000000 -1.000000 -0.000000
f 19//19 20//20 21//21
v 0.116175 -0.201000 0.430000
vn 0.000000 -1.000000 -0.000000
v 0.123525 -0.201000 0.436600
vn 0.000000 -1.000000 -0.000000
v 0.123525 -0.201000 0.452500
vn 0.000000 -1.000000 -0.000000
f 22//22 23//23 24//24
v 0.116175 -0.201000 0.430000
vn 0.000000 -1.000000 -0.000000
v 0.145875 -0.201000 0.436600
vn 0.000000 -1.000000 -0.000000
v 0.123525 -0.201000 0.436600
vn 0.000000 -1.000000 -0.000000
f 25//25 26//26 27//27
v 0.116175 -0.201000 0.430000
vn 0.000000 -1.000000 -0.000000
v 0.145875 -0.201000 0.430000
vn 0.000000 -1.000000 -0.000000
v 0.145875 -0.201000 0.436600
vn 0.000000 -1.000000 -0.000000
f 28//28 29//29 30//30
v 0.082433 -0.201000 0.481591
vn 0.000000 -1.000000 -0.000000
v 0.087716 -0.201000 0.481804
vn 0.000000 -1.000000 -0.000000
v 0.086250 -0.201000 0.481825
vn 0.000000 -1.000000 -0.000000
f 31//31 32//32 33//33
v 0.082433 -0.201000 0.481591
vn 0.000000 -1.000000 -0.000000
v 0.089126 -0.201000 0.481737
vn 0.000000 -1.000000 -0.000000
v 0.087716 -0.201000 0.481804
vn 0.000000 -1.000000 -0.000000
f 34//34 35//35 36//36
v 0.082433 -0.201000 0.481591
vn 0.000000 -1.000000 -0.000000
v 0.090500 -0.201000 0.481620
vn 0.000000 -1.000000 -0.000000
v 0.089126 -0.201000 0.481737
vn 0.000000 -1.000000 -0.000000
f 37//37 38//38 39//39
v 0.082433 -0.201000 0.481591
vn 0.000000 -1.000000 -0.000000
v 0.091858 -0.201000 0.481447
vn 0.000000 -1.000000 -0.000000
v 0.090500 -0.201000 0.481620
vn 0.000000 -1.000000 -0.000000
f 40//40 41//41 42//42
v 0.078800 -0.201000 0.480905
vn -0.000000 -1.000000 -0.000000
v 0.091858 -0.201000 0.481447
vn -0.000000 -1.000000 -0.000000
v 0.082433 -0.201000 0.481591
vn -0.000000 -1.000000 -0.000000
f 43//43 44//44 45//45
v 0.078800 -0.201000 0.480905
vn 0.000000 -1.000000 -0.000000
v 0.093219 -0.201000 0.481214
vn 0.000000 -1.000000 -0.000000
v 0.091858 -0.201000 0.481447
vn 0.000000 -1.000000 -0.000000
f 46//46 47//47 48//48
v 0.078800 -0.201000 0.480905
vn 0.000000 -1.000000 -0.000000
v 0.094603 -0.201000 0.480916
vn 0.000000 -1.000000 -0.000000
v 0.093219 -0.201000 0.481214
vn 0.000000 -1.000000 -0.000000
f 49//49 50//50 51//51
v 0.078800 -0.201000 0.480905
vn 0.000000 -1.000000 -0.000000
v 0.096029 -0.201000 0.480547
vn 0.000000 -1.000000 -0.000000
v 0.094603 -0.201000 0.480916
vn 0.000000 -1.000000 -0.000000
f 52//52 53//53 54//54
v 0.075380 -0.201000 0.479796
vn -0.000000 -1.000000 -0.000000
v 0.096029 -0.201000 0.480547
vn -0.000000 -1.000000 -0.000000
v 0.078800 -0.201000 0.480905
vn -0.000000 -1.000000 -0.000000
f 55//55 56//56 57//57
v 0.075380 -0.201000 0.479796
vn 0.000000 -1.000000 -0.000000
v 0.097517 -0.201000 0.480103
vn 0.000000 -1.000000 -0.000000
v 0.096029 -0.201000 0.480547
vn 0.000000 -1.000000 -0.000000
f 58//58 59//59 60//60
v 0.075380 -0.201000 0.479796
vn 0.000000 -1.000000 -0.000000
v 0.099086 -0.201000 0.479579
vn 0.000000 -1.000000 -0.000000
v 0.097517 -0.201000 0.480103
vn 0.000000 -1.000000 -0.000000
f 61//61 62//62 63//63
v 0.072200 -0.201000 0.478292
vn 0.000000 -1.000000 -0.000000
v 0.099086 -0.201000 0.479579
vn 0.000000 -1.000000 -0.000000
v 0.075380 -0.201000 0.479796
vn 0.000000 -1.000000 -0.000000
f 64//64 65//65 66//66
v 0.072200 -0.201000 0.478292
vn -0.000000 -1.000000 -0.000000
v 0.100755 -0.201000 0.478969
vn -0.000000 -1.000000 -0.000000
v 0.099086 -0.201000 0.479579
vn -0.000000 -1.000000 -0.000000
f 67//67 68//68 69//69
v 0.072200 -0.201000 0.478292
vn 0.000000 -1.000000 -0.000000
v 0.102545 -0.201000 0.478270
vn 0.000000 -1.000000 -0.000000
v 0.100755 -0.201000 0.478969
vn 0.000000 -1.000000 -0.000000
f 70//70 71//71 72//72
v 0.069289 -0.201000 0.476418
vn -0.000000 -1.000000 -0.000000
v 0.102545 -0.201000 0.478270
vn -0.000000 -1.000000 -0.000000
v 0.072200 -0.201000 0.478292
vn -0.000000 -1.000000 -0.000000
f 73//73 74//74 75//75
v 0.069289 -0.201000 0.476418
vn 0.000000 -1.000000 -0.000000
v 0.104475 -0.201000 0.477475
vn 0.000000 -1.000000 -0.000000
v 0.102545 -0.201000 0.478270
vn 0.000000 -1.000000 -0.000000
f 76//76 77//77 78//78
v 0.069289 -0.201000 0.476418
vn 0.000000 -1.000000 -0.000000
v 0.089180 -0.201000 0.474932
vn 0.000000 -1.000000 -0.000000
v 0.104475 -0.201000 0.477475
vn 0.000000 -1.000000 -0.000000
f 79//79 80//80 81//81
v 0.089180 -0.201000 0.474932
vn 0.000000 -1.000000 -0.000000
v 0.090722 -0.201000 0.474754
vn 0.000000 -1.000000 -0.000000
v 0.104475 -0.201000 0.477475
vn 0.000000 -1.000000 -0.000000
f 82//82 83//83 84//84
v 0.090722 -0.201000 0.474754
vn 0.000000 -1.000000 -0.000000
v 0.092264 -0.201000 0.474506
vn 0.000000 -1.000000 -0.000000
v 0.104475 -0.201000 0.477475
vn 0.000000 -1.000000 -0.000000
f 85//85 86//86 87//87
v 0.092264 -0.201000 0.474506
vn 0.000000 -1.000000 -0.000000
v 0.093805 -0.201000 0.474187
vn 0.000000 -1.000000 -0.000000
v 0.104475 -0.201000 0.477475
vn 0.000000 -1.000000 -0.000000
f 88//88 89//89 90//90
v 0.093805 -0.201000 0.474187
vn 0.000000 -1.000000 -0.000000
v 0.095344 -0.201000 0.473800
vn 0.000000 -1.000000 -0.000000
v 0.104475 -0.201000 0.477475
vn 0.000000 -1.000000 -0.000000
f 91//91 92//92 93//93
v 0.095344 -0.201000 0.473800
vn 0.000000 -1.000000 -0.000000
v 0.096880 -0.201000 0.473344
vn 0.000000 -1.000000 -0.000000
v 0.104475 -0.201000 0.477475
vn 0.000000 -1.000000 -0.000000
f 94//94 95//95 96//96
v 0.096880 -0.201000 0.473344
vn 0.000000 -1.000000 -0.000000
v 0.098411 -0.201000 0.472819
vn 0.000000 -1.000000 -0.000000
v 0.104475 -0.201000 0.477475
vn 0.000000 -1.000000 -0.000000
f 97//97 98//98 99//99
v 0.098411 -0.201000 0.472819
vn 0.000000 -1.000000 -0.000000
v 0.099938 -0.201000 0.472227
vn 0.000000 -1.000000 -0.000000
v 0.104475 -0.201000 0.477475
vn 0.000000 -1.000000 -0.000000
f 100//100 101//101 102//102
v 0.099938 -0.201000 0.472227
vn 0.000000 -1.000000 -0.000000
v 0.101458 -0.201000 0.471568
vn 0.000000 -1.000000 -0.000000
v 0.104475 -0.201000 0.477475
vn 0.000000 -1.000000 -0.000000
f 103//103 104//104 105//105
v 0.101458 -0.201000 0.471568
vn 0.000000 -1.000000 -0.000000
v 0.102971 -0.201000 0.470842
vn 0.000000 -1.000000 -0.000000
v 0.104475 -0.201000 0.477475
vn 0.000000 -1.000000 -0.000000
f 106//106 107//107 108//108
v 0.102971 -0.201000 0.470842
vn 0.000000 -1.000000 -0.000000
v 0.104475 -0.201000 0.470050
vn 0.000000 -1.000000 -0.000000
v 0.104475 -0.201000 0.477475
vn 0.000000 -1.000000 -0.000000
f 109//109 110//110 111//111
v 0.066675 -0.201000 0.474203
vn 0.000000 -1.000000 -0.000000
v 0.086100 -0.201000 0.475075
vn 0.000000 -1.000000 -0.000000
v 0.069289 -0.201000 0.476418
vn 0.000000 -1.000000 -0.000000
f 112//112 113//113 114//114
v 0.086100 -0.201000 0.475075
vn 0.000000 -1.000000 -0.000000
v 0.087639 -0.201000 0.475039
vn 0.000000 -1.000000 -0.000000
v 0.069289 -0.201000 0.476418
vn 0.000000 -1.000000 -0.000000
f 115//115 116//116 117//117
v 0.087639 -0.201000 0.475039
vn 0.000000 -1.000000 -0.000000
v 0.089180 -0.201000 0.474932
vn 0.000000 -1.000000 -0.000000
v 0.069289 -0.201000 0.476418
vn 0.000000 -1.000000 -0.000000
f 118//118 119//119 120//120
v 0.066675 -0.201000 0.474203
vn -0.000000 -1.000000 -0.000000
v 0.083380 -0.201000 0.474902
vn -0.000000 -1.000000 -0.000000
v 0.086100 -0.201000 0.475075
vn -0.000000 -1.000000 -0.000000
f 121//121 122//122 123//123
v 0.066675 -0.201000 0.474203
vn 0.000000 -1.000000 -0.000000
v 0.080785 -0.201000 0.474396
vn 0.000000 -1.000000 -0.000000
v 0.083380 -0.201000 0.474902
vn 0.000000 -1.000000 -0.000000
f 124//124 125//125 126//126
v 0.066675 -0.201000 0.474203
vn 0.000000 -1.000000 -0.000000
v 0.078335 -0.201000 0.473577
vn 0.000000 -1.000000 -0.000000
v 0.080785 -0.201000 0.474396
vn 0.000000 -1.000000 -0.000000
f 127//127 128//128 129//129
v 0.064386 -0.201000 0.471674
vn 0.000000 -1.000000 -0.000000
v 0.078335 -0.201000 0.473577
vn 0.000000 -1.000000 -0.000000
v 0.066675 -0.201000 0.474203
vn 0.000000 -1.000000 -0.000000
f 130//130 131//131 132//132
v 0.064386 -0.201000 0.471674
vn 0.000000 -1.000000 -0.000000
v 0.076053 -0.201000 0.472467
vn 0.000000 -1.000000 -0.000000
v 0.078335 -0.201000 0.473577
vn 0.000000 -1.000000 -0.000000
f 133//133 134//134 135//135
v 0.064386 -0.201000 0.471674
vn 0.000000 -1.000000 -0.000000
v 0.073959 -0.201000 0.471084
vn 0.000000 -1.000000 -0.000000
v 0.076053 -0.201000 0.472467
vn 0.000000 -1.000000 -0.000000
f 136//136 137//137 138//138
v 0.062450 -0.201000 0.468858
vn 0.000000 -1.000000 -0.000000
v 0.073959 -0.201000 0.471084
vn 0.000000 -1.000000 -0.000000
v 0.064386 -0.201000 0.471674
vn 0.000000 -1.000000 -0.000000
f 139//139 140//140 141//141
v 0.062450 -0.201000 0.468858
vn -0.000000 -1.000000 -0.000000
v 0.072075 -0.201000 0.469450
vn -0.000000 -1.000000 -0.000000
v 0.073959 -0.201000 0.471084
vn -0.000000 -1.000000 -0.000000
f 142//142 143//143 144//144
v 0.062450 -0.201000 0.468858
vn 0.000000 -1.000000 -0.000000
v 0.070422 -0.201000 0.467585
vn 0.000000 -1.000000 -0.000000
v 0.072075 -0.201000 0.469450
vn 0.000000 -1.000000 -0.000000
f 145//145 146//146 147//147
v 0.060895 -0.201000 0.465783
vn 0.000000 -1.000000 -0.000000
v 0.070422 -0.201000 0.467585
vn 0.000000 -1.000000 -0.000000
v 0.062450 -0.201000 0.468858
vn 0.000000 -1.000000 -0.000000
f 148//148 149//149 150//150
v 0.060895 -0.201000 0.465783
vn 0.000000 -1.000000 -0.000000
v 0.069022 -0.201000 0.465508
vn 0.000000 -1.000000 -0.000000
v 0.070422 -0.201000 0.467585
vn 0.000000 -1.000000 -0.000000
f 151//151 152//152 153//153
v 0.059750 -0.201000 0.462476
vn -0.000000 -1.000000 -0.000000
v 0.069022 -0.201000 0.465508
vn -0.000000 -1.000000 -0.000000
v 0.060895 -0.201000 0.465783
vn -0.000000 -1.000000 -0.000000
f 154//154 155//155 156//156
v 0.059750 -0.201000 0.462476
vn 0.000000 -1.000000 -0.000000
v 0.067896 -0.201000 0.463241
vn 0.000000 -1.000000 -0.000000
v 0.069022 -0.201000 0.465508
vn 0.000000 -1.000000 -0.000000
f 157//157 158//158 159//159
v 0.059750 -0.201000 0.462476
vn 0.000000 -1.000000 -0.000000
v 0.067065 -0.201000 0.460804
vn 0.000000 -1.000000 -0.000000
v 0.067896 -0.201000 0.463241
vn 0.000000 -1.000000 -0.000000
f 160//160 161//161 162//162
v 0.059042 -0.201000 0.458964
vn -0.000000 -1.000000 -0.000000
v 0.067065 -0.201000 0.460804
vn -0.000000 -1.000000 -0.000000
v 0.059750 -0.201000 0.462476
vn -0.000000 -1.000000 -0.000000
f 163//163 164//164 165//165
v 0.059042 -0.201000 0.458964
vn 0.000000 -1.000000 -0.000000
v 0.066551 -0.201000 0.458217
vn 0.000000 -1.000000 -0.000000
v 0.067065 -0.201000 0.460804
vn 0.000000 -1.000000 -0.000000
f 166//166 167//167 168//168
v 0.058800 -0.201000 0.455275
vn 0.000000 -1.000000 -0.000000
v 0.066551 -0.201000 0.458217
vn 0.000000 -1.000000 -0.000000
v 0.059042 -0.201000 0.458964
vn 0.000000 -1.000000 -0.000000
f 169//169 170//170 171//171
v 0.058800 -0.201000 0.455275
vn 0.000000 -1.000000 -0.000000
v 0.066375 -0.201000 0.455500
vn 0.000000 -1.000000 -0.000000
v 0.066551 -0.201000 0.458217
vn 0.000000 -1.000000 -0.000000
f 172//172 173//173 174//174
v 0.058800 -0.201000 0.455275
vn 0.000000 -1.000000 -0.000000
v 0.066550 -0.201000 0.452723
vn 0.000000 -1.000000 -0.000000
v 0.066375 -0.201000 0.455500
vn 0.000000 -1.000000 -0.000000
f 175//175 176//176 177//177
v 0.059036 -0.201000 0.451613
vn -0.000000 -1.000000 -0.000000
v 0.066550 -0.201000 0.452723
vn -0.000000 -1.000000 -0.000000
v 0.058800 -0.201000 0.455275
vn -0.000000 -1.000000 -0.000000
f 178//178 179//179 180//180
v 0.088350 -0.201000 0.448600
vn 0.000000 -1.000000 -0.000000
v 0.105525 -0.201000 0.455200
vn 0.000000 -1.000000 -0.000000
v 0.088350 -0.201000 0.455200
vn 0.000000 -1.000000 -0.000000
f 181//181 182//182 183//183
v 0.088350 -0.201000 0.448600
vn 0.000000 -1.000000 -0.000000
v 0.098175 -0.201000 0.448600
vn 0.000000 -1.000000 -0.000000
v 0.105525 -0.201000 0.455200
vn 0.000000 -1.000000 -0.000000
f 184//184 185//185 186//186
v 0.098175 -0.201000 0.448600
vn 0.000000 -1.000000 -0.000000
v 0.105525 -0.201000 0.433525
vn 0.000000 -1.000000 -0.000000
v 0.105525 -0.201000 0.455200
vn 0.000000 -1.000000 -0.000000
f 187//187 188//188 189//189
v 0.059036 -0.201000 0.451613
vn 0.000000 -1.000000 -0.000000
v 0.067065 -0.201000 0.450103
vn 0.000000 -1.000000 -0.000000
v 0.066550 -0.201000 0.452723
vn 0.000000 -1.000000 -0.000000
f 190//190 191//191 192//192
v 0.059728 -0.201000 0.448144
vn 0.000000 -1.000000 -0.000000
v 0.067065 -0.201000 0.450103
vn 0.000000 -1.000000 -0.000000
v 0.059036 -0.201000 0.451613
vn 0.000000 -1.000000 -0.000000
f 193//193 194//194 195//195
v 0.059728 -0.201000 0.448144
vn 0.000000 -1.000000 -0.000000
v 0.067901 -0.201000 0.447655
vn 0.000000 -1.000000 -0.000000
v 0.067065 -0.201000 0.450103
vn 0.000000 -1.000000 -0.000000
f 196//196 197//197 198//198
v 0.098175 -0.201000 0.438100
vn 0.000000 -1.000000 -0.000000
v 0.105525 -0.201000 0.433525
vn 0.000000 -1.000000 -0.000000
v 0.098175 -0.201000 0.448600
vn 0.000000 -1.000000 -0.000000
f 199//199 200//200 201//201
v 0.060850 -0.201000 0.444892
vn 0.000000 -1.000000 -0.000000
v 0.067901 -0.201000 0.447655
vn 0.000000 -1.000000 -0.000000
v 0.059728 -0.201000 0.448144
vn 0.000000 -1.000000 -0.000000
f 202//202 203//203 204//204
v 0.060850 -0.201000 0.444892
vn -0.000000 -1.000000 -0.000000
v 0.069042 -0.201000 0.445397
vn -0.000000 -1.000000 -0.000000
v 0.067901 -0.201000 0.447655
vn -0.000000 -1.000000 -0.000000
f 205//205 206//206 207//207
v 0.060850 -0.201000 0.444892
vn 0.000000 -1.000000 -0.000000
v 0.070470 -0.201000 0.443344
vn 0.000000 -1.000000 -0.000000
v 0.069042 -0.201000 0.445397
vn 0.000000 -1.000000 -0.000000
f 208//208 209//209 210//210
v 0.062375 -0.201000 0.441881
vn -0.000000 -1.000000 -0.000000
v 0.070470 -0.201000 0.443344
vn -0.000000 -1.000000 -0.000000
v 0.060850 -0.201000 0.444892
vn -0.000000 -1.000000 -0.000000
f 211//211 212//212 213//213
v 0.062375 -0.201000 0.441881
vn 0.000000 -1.000000 -0.000000
v 0.072169 -0.201000 0.441512
vn 0.000000 -1.000000 -0.000000
v 0.070470 -0.201000 0.443344
vn 0.000000 -1.000000 -0.000000
f 214//214 215//215 216//216
v 0.064279 -0.201000 0.439134
vn -0.000000 -1.000000 -0.000000
v 0.072169 -0.201000 0.441512
vn -0.000000 -1.000000 -0.000000
v 0.062375 -0.201000 0.441881
vn -0.000000 -1.000000 -0.000000
f 217//217 218//218 219//219
v 0.064279 -0.201000 0.439134
vn 0.000000 -1.000000 -0.000000
v 0.074121 -0.201000 0.439918
vn 0.000000 -1.000000 -0.000000
v 0.072169 -0.201000 0.441512
vn 0.000000 -1.000000 -0.000000
f 220//220 221//221 222//222
v 0.064279 -0.201000 0.439134
vn 0.000000 -1.000000 -0.000000
v 0.076308 -0.201000 0.438578
vn 0.000000 -1.000000 -0.000000
v 0.074121 -0.201000 0.439918
vn 0.000000 -1.000000 -0.000000
f 223//223 224//224 225//225
v 0.066534 -0.201000 0.436675
vn 0.000000 -1.000000 -0.000000
v 0.076308 -0.201000 0.438578
vn 0.000000 -1.000000 -0.000000
v 0.064279 -0.201000 0.439134
vn 0.000000 -1.000000 -0.000000
f 226//226 227//227 228//228
v 0.066534 -0.201000 0.436675
vn 0.000000 -1.000000 -0.000000
v 0.078715 -0.201000 0.437507
vn 0.000000 -1.000000 -0.000000
v 0.076308 -0.201000 0.438578
vn 0.000000 -1.000000 -0.000000
f 229//229 230//230 231//231
v 0.097292 -0.201000 0.437824
vn 0.000000 -1.000000 -0.000000
v 0.105525 -0.201000 0.433525
vn 0.000000 -1.000000 -0.000000
v 0.098175 -0.201000 0.438100
vn 0.000000 -1.000000 -0.000000
f 232//232 233//233 234//234
v 0.096405 -0.201000 0.437559
vn 0.000000 -1.000000 -0.000000
v 0.105525 -0.201000 0.433525
vn 0.000000 -1.000000 -0.000000
v 0.097292 -0.201000 0.437824
vn 0.000000 -1.000000 -0.000000
f 235//235 236//236 237//237
v 0.095513 -0.201000 0.437309
vn 0.000000 -1.000000 -0.000000
v 0.105525 -0.201000 0.433525
vn 0.000000 -1.000000 -0.000000
v 0.096405 -0.201000 0.437559
vn 0.000000 -1.000000 -0.000000
f 238//238 239//239 240//240
v 0.066534 -0.201000 0.436675
vn 0.000000 -1.000000 -0.000000
v 0.081323 -0.201000 0.436722
vn 0.000000 -1.000000 -0.000000
v 0.078715 -0.201000 0.437507
vn 0.000000 -1.000000 -0.000000
f 241//241 242//242 243//243
v 0.094614 -0.201000 0.437075
vn 0.000000 -1.000000 -0.000000
v 0.105525 -0.201000 0.433525
vn 0.000000 -1.000000 -0.000000
v 0.095513 -0.201000 0.437309
vn 0.000000 -1.000000 -0.000000
f 244//244 245//245 246//246
v 0.093708 -0.201000 0.436860
vn 0.000000 -1.000000 -0.000000
v 0.105525 -0.201000 0.433525
vn 0.000000 -1.000000 -0.000000
v 0.094614 -0.201000 0.437075
vn 0.000000 -1.000000 -0.000000
f 247//247 248//248 249//249
v 0.092794 -0.201000 0.436666
vn 0.000000 -1.000000 -0.000000
v 0.105525 -0.201000 0.433525
vn 0.000000 -1.000000 -0.000000
v 0.093708 -0.201000 0.436860
vn 0.000000 -1.000000 -0.000000
f 250//250 251//251 252//252
v 0.066534 -0.201000 0.436675
vn 0.000000 -1.000000 -0.000000
v 0.084115 -0.201000 0.436240
vn 0.000000 -1.000000 -0.000000
v 0.081323 -0.201000 0.436722
vn 0.000000 -1.000000 -0.000000
f 253//253 254//254 255//255
v 0.069117 -0.201000 0.434529
vn 0.000000 -1.000000 -0.000000
v 0.084115 -0.201000 0.436240
vn 0.000000 -1.000000 -0.000000
v 0.066534 -0.201000 0.436675
vn 0.000000 -1.000000 -0.000000
f 256//256 257//257 258//258
v 0.091870 -0.201000 0.436495
vn 0.000000 -1.000000 -0.000000
v 0.105525 -0.201000 0.433525
vn 0.000000 -1.000000 -0.000000
v 0.092794 -0.201000 0.436666
vn 0.000000 -1.000000 -0.000000
f 259//259 260//260 261//261
v 0.090936 -0.201000 0.436350
vn -0.000000 -1.000000 -0.000000
v 0.105525 -0.201000 0.433525
vn -0.000000 -1.000000 -0.000000
v 0.091870 -0.201000 0.436495
vn -0.000000 -1.000000 -0.000000
f 262//262 263//263 264//264
v 0.089991 -0.201000 0.436233
vn 0.000000 -1.000000 -0.000000
v 0.105525 -0.201000 0.433525
vn 0.000000 -1.000000 -0.000000
v 0.090936 -0.201000 0.436350
vn 0.000000 -1.000000 -0.000000
f 265//265 266//266 267//267
v 0.069117 -0.201000 0.434529
vn -0.000000 -1.000000 -0.000000
v 0.087075 -0.201000 0.436075
vn -0.000000 -1.000000 -0.000000
v 0.084115 -0.201000 0.436240
vn -0.000000 -1.000000 -0.000000
f 268//268 269//269 270//270
v 0.089033 -0.201000 0.436147
vn 0.000000 -1.000000 -0.000000
v 0.105525 -0.201000 0.433525
vn 0.000000 -1.000000 -0.000000
v 0.089991 -0.201000 0.436233
vn 0.000000 -1.000000 -0.000000
f 271//271 272//272 273//273
v 0.088061 -0.201000 0.436093
vn 0.000000 -1.000000 -0.000000
v 0.105525 -0.201000 0.433525
vn 0.000000 -1.000000 -0.000000
v 0.089033 -0.201000 0.436147
vn 0.000000 -1.000000 -0.000000
f 274//274 275//275 276//276
v 0.087075 -0.201000 0.436075
vn 0.000000 -1.000000 -0.000000
v 0.105525 -0.201000 0.433525
vn 0.000000 -1.000000 -0.000000
v 0.088061 -0.201000 0.436093
vn 0.000000 -1.000000 -0.000000
f 277//277 278//278 279//279
v 0.069117 -0.201000 0.434529
vn 0.000000 -1.000000 -0.000000
v 0.105525 -0.201000 0.433525
vn 0.000000 -1.000000 -0.000000
v 0.087075 -0.201000 0.436075
vn 0.000000 -1.000000 -0.000000
f 280//280 281//281 282//282
v 0.072000 -0.201000 0.432719
vn 0.000000 -1.000000 -0.000000
v 0.105525 -0.201000 0.433525
vn 0.000000 -1.000000 -0.000000
v 0.069117 -0.201000 0.434529
vn 0.000000 -1.000000 -0.000000
f 283//283 284//284 285//285
v 0.072000 -0.201000 0.432719
vn -0.000000 -1.000000 -0.000000
v 0.103844 -0.201000 0.432812
vn -0.000000 -1.000000 -0.000000
v 0.105525 -0.201000 0.433525
vn -0.000000 -1.000000 -0.000000
f 286//286 287//287 288//288
v 0.072000 -0.201000 0.432719
vn 0.000000 -1.000000 -0.000000
v 0.102206 -0.201000 0.432172
vn 0.000000 -1.000000 -0.000000
v 0.103844 -0.201000 0.432812
vn 0.000000 -1.000000 -0.000000
f 289//289 290//290 291//291
v 0.075158 -0.201000 0.431270
vn -0.000000 -1.000000 -0.000000
v 0.102206 -0.201000 0.432172
vn -0.000000 -1.000000 -0.000000
v 0.072000 -0.201000 0.432719
vn -0.000000 -1.000000 -0.000000
f 292//292 293//293 294//294
v 0.075158 -0.201000 0.431270
vn 0.000000 -1.000000 -0.000000
v 0.100601 -0.201000 0.431603
vn 0.000000 -1.000000 -0.000000
v 0.102206 -0.201000 0.432172
vn 0.000000 -1.000000 -0.000000
f 295//295 296//296 297//297
v 0.075158 -0.201000 0.431270
vn 0.000000 -1.000000 -0.000000
v 0.099019 -0.201000 0.431103
vn 0.000000 -1.000000 -0.000000
v 0.100601 -0.201000 0.431603
vn 0.000000 -1.000000 -0.000000
f 298//298 299//299 300//300
v 0.078566 -0.201000 0.430206
vn 0.000000 -1.000000 -0.000000
v 0.099019 -0.201000 0.431103
vn 0.000000 -1.000000 -0.000000
v 0.075158 -0.201000 0.431270
vn 0.000000 -1.000000 -0.000000
f 301//301 302//302 303//303
v 0.078566 -0.201000 0.430206
vn 0.000000 -1.000000 -0.000000
v 0.097452 -0.201000 0.430669
vn 0.000000 -1.000000 -0.000000
v 0.099019 -0.201000 0.431103
vn 0.000000 -1.000000 -0.000000
f 304//304 305//305 306//306
v 0.078566 -0.201000 0.430206
vn 0.000000 -1.000000 -0.000000
v 0.095888 -0.201000 0.430300
vn 0.000000 -1.000000 -0.000000
v 0.097452 -0.201000 0.430669
vn 0.000000 -1.000000 -0.000000
f 307//307 308//308 309//309
v 0.078566 -0.201000 0.430206
vn 0.000000 -1.000000 -0.000000
v 0.094317 -0.201000 0.429993
vn 0.000000 -1.000000 -0.000000
v 0.095888 -0.201000 0.430300
vn 0.000000 -1.000000 -0.000000
f 310//310 311//311 312//312
v 0.082197 -0.201000 0.429549
vn -0.000000 -1.000000 -0.000000
v 0.094317 -0.201000 0.429993
vn -0.000000 -1.000000 -0.000000
v 0.078566 -0.201000 0.430206
vn -0.000000 -1.000000 -0.000000
f 313//313 314//314 315//315
v 0.082197 -0.201000 0.429549
vn 0.000000 -1.000000 -0.000000
v 0.092731 -0.201000 0.429747
vn 0.000000 -1.000000 -0.000000
v 0.094317 -0.201000 0.429993
vn 0.000000 -1.000000 -0.000000
f 316//316 317//317 318//318
v 0.082197 -0.201000 0.429549
vn 0.000000 -1.000000 -0.000000
v 0.091118 -0.201000 0.429559
vn 0.000000 -1.000000 -0.000000
v 0.092731 -0.201000 0.429747
vn 0.000000 -1.000000 -0.000000
f 319//319 320//320 321//321
v 0.082197 -0.201000 0.429549
vn 0.000000 -1.000000 -0.000000
v 0.089469 -0.201000 0.429428
vn 0.000000 -1.000000 -0.000000
v 0.091118 -0.201000 0.429559
vn 0.000000 -1.000000 -0.000000
f 322//322 323//323 324//324
v 0.086025 -0.201000 0.429325
vn 0.000000 -1.000000 -0.000000
v 0.089469 -0.201000 0.429428
vn 0.000000 -1.000000 -0.000000
v 0.082197 -0.201000 0.429549
vn 0.000000 -1.000000 -0.000000
f 325//325 326//326 327//327
v 0.086025 -0.201000 0.429325
vn 0.000000 -1.000000 -0.000000
v 0.087775 -0.201000 0.429350
vn 0.000000 -1.000000 -0.000000
v 0.089469 -0.201000 0.429428
vn 0.000000 -1.000000 -0.000000
f 328//328 329//329 330//330
v 0.015525 -0.201000 0.430000
vn -0.000000 -1.000000 -0.000000
v 0.022875 -0.201000 0.474850
vn -0.000000 -1.000000 -0.000000
v 0.015525 -0.201000 0.481150
vn -0.000000 -1.000000 -0.000000
f 331//331 332//332 333//333
v 0.022875 -0.201000 0.474850
vn 0.000000 -1.000000 -0.000000
v 0.028425 -0.201000 0.481150
vn 0.000000 -1.000000 -0.000000
v 0.015525 -0.201000 0.481150
vn 0.000000 -1.000000 -0.000000
f 334//334 335//335 336//336
v 0.022875 -0.201000 0.474850
vn 0.000000 -1.000000 -0.000000
v 0.030930 -0.201000 0.481037
vn 0.000000 -1.000000 -0.000000
v 0.028425 -0.201000 0.481150
vn 0.000000 -1.000000 -0.000000
f 337//337 338//338 339//339
v 0.022875 -0.201000 0.474850
vn 0.000000 -1.000000 -0.000000
v 0.033263 -0.201000 0.480703
vn 0.000000 -1.000000 -0.000000
v 0.030930 -0.201000 0.481037
vn 0.000000 -1.000000 -0.000000
f 340//340 341//341 342//342
v 0.022875 -0.201000 0.474850
vn -0.000000 -1.000000 -0.000000
v 0.035416 -0.201000 0.480156
vn -0.000000 -1.000000 -0.000000
v 0.033263 -0.201000 0.480703
vn -0.000000 -1.000000 -0.000000
f 343//343 344//344 345//345
v 0.022875 -0.201000 0.474850
vn 0.000000 -1.000000 -0.000000
v 0.037381 -0.201000 0.479403
vn 0.000000 -1.000000 -0.000000
v 0.035416 -0.201000 0.480156
vn 0.000000 -1.000000 -0.000000
f 346//346 347//347 348//348
v 0.022875 -0.201000 0.474850
vn 0.000000 -1.000000 -0.000000
v 0.039147 -0.201000 0.478450
vn 0.000000 -1.000000 -0.000000
v 0.037381 -0.201000 0.479403
vn 0.000000 -1.000000 -0.000000
f 349//349 350//350 351//351
v 0.022875 -0.201000 0.474850
vn 0.000000 -1.000000 -0.000000
v 0.040706 -0.201000 0.477306
vn 0.000000 -1.000000 -0.000000
v 0.039147 -0.201000 0.478450
vn 0.000000 -1.000000 -0.000000
f 352//352 353//353 354//354
v 0.022875 -0.201000 0.474850
vn 0.000000 -1.000000 -0.000000
v 0.042050 -0.201000 0.475978
vn 0.000000 -1.000000 -0.000000
v 0.040706 -0.201000 0.477306
vn 0.000000 -1.000000 -0.000000
f 355//355 356//356 357//357
v 0.022875 -0.201000 0.474850
vn 0.000000 -1.000000 -0.000000
v 0.027600 -0.201000 0.474850
vn 0.000000 -1.000000 -0.000000
v 0.042050 -0.201000 0.475978
vn 0.000000 -1.000000 -0.000000
f 358//358 359//359 360//360
v 0.027600 -0.201000 0.474850
vn 0.000000 -1.000000 -0.000000
v 0.043169 -0.201000 0.474472
vn 0.000000 -1.000000 -0.000000
v 0.042050 -0.201000 0.475978
vn 0.000000 -1.000000 -0.000000
f 361//361 362//362 363//363
v 0.015525 -0.201000 0.430000
vn 0.000000 -1.000000 -0.000000
v 0.022875 -0.201000 0.458800
vn 0.000000 -1.000000 -0.000000
v 0.022875 -0.201000 0.474850
vn 0.000000 -1.000000 -0.000000
f 364//364 365//365 366//366
v 0.029293 -0.201000 0.474790
vn 0.000000 -1.000000 -0.000000
v 0.043169 -0.201000 0.474472
vn 0.000000 -1.000000 -0.000000
v 0.027600 -0.201000 0.474850
vn 0.000000 -1.000000 -0.000000
f 367//367 368//368 369//369
v 0.030813 -0.201000 0.474611
vn 0.000000 -1.000000 -0.000000
v 0.043169 -0.201000 0.474472
vn 0.000000 -1.000000 -0.000000
v 0.029293 -0.201000 0.474790
vn 0.000000 -1.000000 -0.000000
f 370//370 371//371 372//372
v 0.032166 -0.201000 0.474318
vn 0.000000 -1.000000 -0.000000
v 0.043169 -0.201000 0.474472
vn 0.000000 -1.000000 -0.000000
v 0.030813 -0.201000 0.474611
vn 0.000000 -1.000000 -0.000000
f 373//373 374//374 375//375
v 0.032166 -0.201000 0.474318
vn 0.000000 -1.000000 -0.000000
v 0.044055 -0.201000 0.472797
vn 0.000000 -1.000000 -0.000000
v 0.043169 -0.201000 0.474472
vn 0.000000 -1.000000 -0.000000
f 376//376 377//377 378//378
v 0.033356 -0.201000 0.473914
vn -0.000000 -1.000000 -0.000000
v 0.044055 -0.201000 0.472797
vn -0.000000 -1.000000 -0.000000
v 0.032166 -0.201000 0.474318
vn -0.000000 -1.000000 -0.000000
f 379//379 380//380 381//381
v 0.034388 -0.201000 0.473403
vn 0.000000 -1.000000 -0.000000
v 0.044055 -0.201000 0.472797
vn 0.000000 -1.000000 -0.000000
v 0.033356 -0.201000 0.473914
vn 0.000000 -1.000000 -0.000000
f 382//382 383//383 384//384
v 0.035269 -0.201000 0.472787
vn 0.000000 -1.000000 -0.000000
v 0.044055 -0.201000 0.472797
vn 0.000000 -1.000000 -0.000000
v 0.034388 -0.201000 0.473403
vn 0.000000 -1.000000 -0.000000
f 385//385 386//386 387//387
v 0.035269 -0.201000 0.472787
vn 0.000000 -1.000000 -0.000000
v 0.044699 -0.201000 0.470959
vn 0.000000 -1.000000 -0.000000
v 0.044055 -0.201000 0.472797
vn 0.000000 -1.000000 -0.000000
f 388//388 389//389 390//390
v 0.036002 -0.201000 0.472072
vn 0.000000 -1.000000 -0.000000
v 0.044699 -0.201000 0.470959
vn 0.000000 -1.000000 -0.000000
v 0.035269 -0.201000 0.472787
vn 0.000000 -1.000000 -0.000000
f 391//391 392//392 393//393
v 0.036594 -0.201000 0.471261
vn 0.000000 -1.000000 -0.000000
v 0.044699 -0.201000 0.470959
vn 0.000000 -1.000000 -0.000000
v 0.036002 -0.201000 0.472072
vn 0.000000 -1.000000 -0.000000
f 394//394 395//395 396//396
v 0.037050 -0.201000 0.470357
vn 0.000000 -1.000000 -0.000000
v 0.044699 -0.201000 0.470959
vn 0.000000 -1.000000 -0.000000
v 0.036594 -0.201000 0.471261
vn 0.000000 -1.000000 -0.000000
f 397//397 398//398 399//399
v 0.037050 -0.201000 0.470357
vn 0.000000 -1.000000 -0.000000
v 0.045092 -0.201000 0.468966
vn 0.000000 -1.000000 -0.000000
v 0.044699 -0.201000 0.470959
vn 0.000000 -1.000000 -0.000000
f 400//400 401//401 402//402
v 0.037374 -0.201000 0.469364
vn -0.000000 -1.000000 -0.000000
v 0.045092 -0.201000 0.468966
vn -0.000000 -1.000000 -0.000000
v 0.037050 -0.201000 0.470357
vn -0.000000 -1.000000 -0.000000
f 403//403 404//404 405//405
v 0.037573 -0.201000 0.468285
vn 0.000000 -1.000000 -0.000000
v 0.045092 -0.201000 0.468966
vn 0.000000 -1.000000 -0.000000
v 0.037374 -0.201000 0.469364
vn 0.000000 -1.000000 -0.000000
f 406//406 407//407 408//408
v 0.037573 -0.201000 0.468285
vn 0.000000 -1.000000 -0.000000
v 0.045225 -0.201000 0.466825
vn 0.000000 -1.000000 -0.000000
v 0.045092 -0.201000 0.468966
vn 0.000000 -1.000000 -0.000000
f 409//409 410//410 411//411
v 0.037650 -0.201000 0.467125
vn 0.000000 -1.000000 -0.000000
v 0.045225 -0.201000 0.466825
vn 0.000000 -1.000000 -0.000000
v 0.037573 -0.201000 0.468285
vn 0.000000 -1.000000 -0.000000
f 412//412 413//413 414//414
v 0.037618 -0.201000 0.466063
vn 0.000000 -1.000000 -0.000000
v 0.045225 -0.201000 0.466825
vn 0.000000 -1.000000 -0.000000
v 0.037650 -0.201000 0.467125
vn 0.000000 -1.000000 -0.000000
f 415//415 416//416 417//417
v 0.037618 -0.201000 0.466063
vn 0.000000 -1.000000 -0.000000
v 0.045161 -0.201000 0.465375
vn 0.000000 -1.000000 -0.000000
v 0.045225 -0.201000 0.466825
vn 0.000000 -1.000000 -0.000000
f 418//418 419//419 420//420
v 0.037478 -0.201000 0.465024
vn 0.000000 -1.000000 -0.000000
v 0.045161 -0.201000 0.465375
vn 0.000000 -1.000000 -0.000000
v 0.037618 -0.201000 0.466063
vn 0.000000 -1.000000 -0.000000
f 421//421 422//422 423//423
v 0.037478 -0.201000 0.465024
vn 0.000000 -1.000000 -0.000000
v 0.044972 -0.201000 0.463991
vn 0.000000 -1.000000 -0.000000
v 0.045161 -0.201000 0.465375
vn 0.000000 -1.000000 -0.000000
f 424//424 425//425 426//426
v 0.037219 -0.201000 0.464021
vn 0.000000 -1.000000 -0.000000
v 0.044972 -0.201000 0.463991
vn 0.000000 -1.000000 -0.000000
v 0.037478 -0.201000 0.465024
vn 0.000000 -1.000000 -0.000000
f 427//427 428//428 429//429
v 0.036828 -0.201000 0.463067
vn 0.000000 -1.000000 -0.000000
v 0.044972 -0.201000 0.463991
vn 0.000000 -1.000000 -0.000000
v 0.037219 -0.201000 0.464021
vn 0.000000 -1.000000 -0.000000
f 430//430 431//431 432//432
v 0.036828 -0.201000 0.463067
vn 0.000000 -1.000000 -0.000000
v 0.044659 -0.201000 0.462674
vn 0.000000 -1.000000 -0.000000
v 0.044972 -0.201000 0.463991
vn 0.000000 -1.000000 -0.000000
f 433//433 434//434 435//435
v 0.036294 -0.201000 0.462175
vn -0.000000 -1.000000 -0.000000
v 0.044659 -0.201000 0.462674
vn -0.000000 -1.000000 -0.000000
v 0.036828 -0.201000 0.463067
vn -0.000000 -1.000000 -0.000000
f 436//436 437//437 438//438
v 0.036294 -0.201000 0.462175
vn 0.000000 -1.000000 -0.000000
v 0.044225 -0.201000 0.461428
vn 0.000000 -1.000000 -0.000000
v 0.044659 -0.201000 0.462674
vn 0.000000 -1.000000 -0.000000
f 439//439 440//440 441//441
v 0.035606 -0.201000 0.461359
vn 0.000000 -1.000000 -0.000000
v 0.044225 -0.201000 0.461428
vn 0.000000 -1.000000 -0.000000
v 0.036294 -0.201000 0.462175
vn 0.000000 -1.000000 -0.000000
f 442//442 443//443 444//444
v 0.035606 -0.201000 0.461359
vn 0.000000 -1.000000 -0.000000
v 0.043672 -0.201000 0.460254
vn 0.000000 -1.000000 -0.000000
v 0.044225 -0.201000 0.461428
vn 0.000000 -1.000000 -0.000000
f 445//445 446//446 447//447
v 0.034753 -0.201000 0.460633
vn 0.000000 -1.000000 -0.000000
v 0.043672 -0.201000 0.460254
vn 0.000000 -1.000000 -0.000000
v 0.035606 -0.201000 0.461359
vn 0.000000 -1.000000 -0.000000
f 448//448 449//449 450//450
v 0.033722 -0.201000 0.460008
vn -0.000000 -1.000000 -0.000000
v 0.043672 -0.201000 0.460254
vn -0.000000 -1.000000 -0.000000
v 0.034753 -0.201000 0.460633
vn -0.000000 -1.000000 -0.000000
f 451//451 452//452 453//453
v 0.033722 -0.201000 0.460008
vn 0.000000 -1.000000 -0.000000
v 0.043003 -0.201000 0.459156
vn 0.000000 -1.000000 -0.000000
v 0.043672 -0.201000 0.460254
vn 0.000000 -1.000000 -0.000000
f 454//454 455//455 456//456
v 0.032503 -0.201000 0.459500
vn 0.000000 -1.000000 -0.000000
v 0.043003 -0.201000 0.459156
vn 0.000000 -1.000000 -0.000000
v 0.033722 -0.201000 0.460008
vn 0.000000 -1.000000 -0.000000
f 457//457 458//458 459//459
v 0.031084 -0.201000 0.459120
vn 0.000000 -1.000000 -0.000000
v 0.043003 -0.201000 0.459156
vn 0.000000 -1.000000 -0.000000
v 0.032503 -0.201000 0.459500
vn 0.000000 -1.000000 -0.000000
f 460//460 461//461 462//462
v 0.031084 -0.201000 0.459120
vn 0.000000 -1.000000 -0.000000
v 0.042220 -0.201000 0.458136
vn 0.000000 -1.000000 -0.000000
v 0.043003 -0.201000 0.459156
vn 0.000000 -1.000000 -0.000000
f 463//463 464//464 465//465
v 0.029453 -0.201000 0.458882
vn 0.000000 -1.000000 -0.000000
v 0.042220 -0.201000 0.458136
vn 0.000000 -1.000000 -0.000000
v 0.031084 -0.201000 0.459120
vn 0.000000 -1.000000 -0.000000
f 466//466 467//467 468//468
v 0.027600 -0.201000 0.458800
vn 0.000000 -1.000000 -0.000000
v 0.042220 -0.201000 0.458136
vn 0.000000 -1.000000 -0.000000
v 0.029453 -0.201000 0.458882
vn 0.000000 -1.000000 -0.000000
f 469//469 470//470 471//471
v 0.015525 -0.201000 0.430000
vn 0.000000 -1.000000 -0.000000
v 0.022875 -0.201000 0.452200
vn 0.000000 -1.000000 -0.000000
v 0.022875 -0.201000 0.458800
vn 0.000000 -1.000000 -0.000000
f 472//472 473//473 474//474
v 0.022875 -0.201000 0.452200
vn 0.000000 -1.000000 -0.000000
v 0.027600 -0.201000 0.458800
vn 0.000000 -1.000000 -0.000000
v 0.022875 -0.201000 0.458800
vn 0.000000 -1.000000 -0.000000
f 475//475 476//476 477//477
v 0.022875 -0.201000 0.452200
vn -0.000000 -1.000000 -0.000000
v 0.042220 -0.201000 0.458136
vn -0.000000 -1.000000 -0.000000
v 0.027600 -0.201000 0.458800
vn -0.000000 -1.000000 -0.000000
f 478//478 479//479 480//480
v 0.022875 -0.201000 0.452200
vn 0.000000 -1.000000 -0.000000
v 0.041325 -0.201000 0.457197
vn 0.000000 -1.000000 -0.000000
v 0.042220 -0.201000 0.458136
vn 0.000000 -1.000000 -0.000000
f 481//481 482//482 483//483
v 0.022875 -0.201000 0.452200
vn -0.000000 -1.000000 -0.000000
v 0.040321 -0.201000 0.456341
vn -0.000000 -1.000000 -0.000000
v 0.041325 -0.201000 0.457197
vn -0.000000 -1.000000 -0.000000
f 484//484 485//485 486//486
v 0.022875 -0.201000 0.452200
vn 0.000000 -1.000000 -0.000000
v 0.039209 -0.201000 0.455572
vn 0.000000 -1.000000 -0.000000
v 0.040321 -0.201000 0.456341
vn 0.000000 -1.000000 -0.000000
f 487//487 488//488 489//489
v 0.022875 -0.201000 0.452200
vn 0.000000 -1.000000 -0.000000
v 0.037993 -0.201000 0.454890
vn 0.000000 -1.000000 -0.000000
v 0.039209 -0.201000 0.455572
vn 0.000000 -1.000000 -0.000000
f 490//490 491//491 492//492
v 0.022875 -0.201000 0.452200
vn -0.000000 -1.000000 -0.000000
v 0.036675 -0.201000 0.454300
vn -0.000000 -1.000000 -0.000000
v 0.037993 -0.201000 0.454890
vn -0.000000 -1.000000 -0.000000
f 493//493 494//494 495//495
v 0.022875 -0.201000 0.452200
vn 0.000000 -1.000000 -0.000000
v 0.037802 -0.201000 0.453497
vn 0.000000 -1.000000 -0.000000
v 0.036675 -0.201000 0.454300
vn 0.000000 -1.000000 -0.000000
f 496//496 497//497 498//498
v 0.022875 -0.201000 0.452200
vn -0.000000 -1.000000 -0.000000
v 0.038863 -0.201000 0.452625
vn -0.000000 -1.000000 -0.000000
v 0.037802 -0.201000 0.453497
vn -0.000000 -1.000000 -0.000000
f 499//499 500//500 501//501
v 0.022875 -0.201000 0.452200
vn 0.000000 -1.000000 -0.000000
v 0.025950 -0.201000 0.452200
vn 0.000000 -1.000000 -0.000000
v 0.038863 -0.201000 0.452625
vn 0.000000 -1.000000 -0.000000
f 502//502 503//503 504//504
v 0.025950 -0.201000 0.452200
vn 0.000000 -1.000000 -0.000000
v 0.026876 -0.201000 0.452170
vn 0.000000 -1.000000 -0.000000
v 0.038863 -0.201000 0.452625
vn 0.000000 -1.000000 -0.000000
f 505//505 506//506 507//507
v 0.026876 -0.201000 0.452170
vn 0.000000 -1.000000 -0.000000
v 0.039870 -0.201000 0.451684
vn 0.000000 -1.000000 -0.000000
v 0.038863 -0.201000 0.452625
vn 0.000000 -1.000000 -0.000000
f 508//508 509//509 510//510
v 0.015525 -0.201000 0.430000
vn 0.000000 -1.000000 -0.000000
v 0.022875 -0.201000 0.430000
vn 0.000000 -1.000000 -0.000000
v 0.022875 -0.201000 0.452200
vn 0.000000 -1.000000 -0.000000
f 511//511 512//512 513//513
v 0.027789 -0.201000 0.452063
vn 0.000000 -1.000000 -0.000000
v 0.039870 -0.201000 0.451684
vn 0.000000 -1.000000 -0.000000
v 0.026876 -0.201000 0.452170
vn 0.000000 -1.000000 -0.000000
f 514//514 515//515 516//516
v 0.028704 -0.201000 0.451848
vn -0.000000 -1.000000 -0.000000
v 0.039870 -0.201000 0.451684
vn -0.000000 -1.000000 -0.000000
v 0.027789 -0.201000 0.452063
vn -0.000000 -1.000000 -0.000000
f 517//517 518//518 519//519
v 0.029636 -0.201000 0.451500
vn 0.000000 -1.000000 -0.000000
v 0.039870 -0.201000 0.451684
vn 0.000000 -1.000000 -0.000000
v 0.028704 -0.201000 0.451848
vn 0.000000 -1.000000 -0.000000
f 520//520 521//521 522//522
v 0.029636 -0.201000 0.451500
vn 0.000000 -1.000000 -0.000000
v 0.040831 -0.201000 0.450675
vn 0.000000 -1.000000 -0.000000
v 0.039870 -0.201000 0.451684
vn 0.000000 -1.000000 -0.000000
f 523//523 524//524 525//525
v 0.030601 -0.201000 0.450989
vn 0.000000 -1.000000 -0.000000
v 0.040831 -0.201000 0.450675
vn 0.000000 -1.000000 -0.000000
v 0.029636 -0.201000 0.451500
vn 0.000000 -1.000000 -0.000000
f 526//526 527//527 528//528
v 0.031613 -0.201000 0.450288
vn 0.000000 -1.000000 -0.000000
v 0.040831 -0.201000 0.450675
vn 0.000000 -1.000000 -0.000000
v 0.030601 -0.201000 0.450989
vn 0.000000 -1.000000 -0.000000
f 529//529 530//530 531//531
v 0.031613 -0.201000 0.450288
vn 0.000000 -1.000000 -0.000000
v 0.041756 -0.201000 0.449597
vn 0.000000 -1.000000 -0.000000
v 0.040831 -0.201000 0.450675
vn 0.000000 -1.000000 -0.000000
f 532//532 533//533 534//534
v 0.032687 -0.201000 0.449367
vn 0.000000 -1.000000 -0.000000
v 0.041756 -0.201000 0.449597
vn 0.000000 -1.000000 -0.000000
v 0.031613 -0.201000 0.450288
vn 0.000000 -1.000000 -0.000000
f 535//535 536//536 537//537
v 0.032687 -0.201000 0.449367
vn 0.000000 -1.000000 -0.000000
v 0.042656 -0.201000 0.448450
vn 0.000000 -1.000000 -0.000000
v 0.041756 -0.201000 0.449597
vn 0.000000 -1.000000 -0.000000
f 538//538 539//539 540//540
v 0.033839 -0.201000 0.448200
vn 0.000000 -1.000000 -0.000000
v 0.042656 -0.201000 0.448450
vn 0.000000 -1.000000 -0.000000
v 0.032687 -0.201000 0.449367
vn 0.000000 -1.000000 -0.000000
f 541//541 542//542 543//543
v 0.033839 -0.201000 0.448200
vn 0.000000 -1.000000 -0.000000
v 0.043541 -0.201000 0.447234
vn 0.000000 -1.000000 -0.000000
v 0.042656 -0.201000 0.448450
vn 0.000000 -1.000000 -0.000000
f 544//544 545//545 546//546
v 0.035084 -0.201000 0.446758
vn 0.000000 -1.000000 -0.000000
v 0.043541 -0.201000 0.447234
vn 0.000000 -1.000000 -0.000000
v 0.033839 -0.201000 0.448200
vn 0.000000 -1.000000 -0.000000
f 547//547 548//548 549//549
v 0.035084 -0.201000 0.446758
vn 0.000000 -1.000000 -0.000000
v 0.044419 -0.201000 0.445950
vn 0.000000 -1.000000 -0.000000
v 0.043541 -0.201000 0.447234
vn 0.000000 -1.000000 -0.000000
f 550//550 551//551 552//552
v 0.036436 -0.201000 0.445013
vn 0.000000 -1.000000 -0.000000
v 0.044419 -0.201000 0.445950
vn 0.000000 -1.000000 -0.000000
v 0.035084 -0.201000 0.446758
vn 0.000000 -1.000000 -0.000000
f 553//553 554//554 555//555
v 0.036436 -0.201000 0.445013
vn 0.000000 -1.000000 -0.000000
v 0.045302 -0.201000 0.444597
vn 0.000000 -1.000000 -0.000000
v 0.044419 -0.201000 0.445950
vn 0.000000 -1.000000 -0.000000
f 556//556 557//557 558//558
v 0.037912 -0.201000 0.442936
vn -0.000000 -1.000000 -0.000000
v 0.045302 -0.201000 0.444597
vn -0.000000 -1.000000 -0.000000
v 0.036436 -0.201000 0.445013
vn -0.000000 -1.000000 -0.000000
f 559//559 560//560 561//561
v 0.037912 -0.201000 0.442936
vn 0.000000 -1.000000 -0.000000
v 0.046199 -0.201000 0.443175
vn 0.000000 -1.000000 -0.000000
v 0.045302 -0.201000 0.444597
vn 0.000000 -1.000000 -0.000000
f 562//562 563//563 564//564
v 0.037912 -0.201000 0.442936
vn -0.000000 -1.000000 -0.000000
v 0.047120 -0.201000 0.441684
vn -0.000000 -1.000000 -0.000000
v 0.046199 -0.201000 0.443175
vn -0.000000 -1.000000 -0.000000
f 565//565 566//566 567//567
v 0.039525 -0.201000 0.440500
vn 0.000000 -1.000000 -0.000000
v 0.047120 -0.201000 0.441684
vn 0.000000 -1.000000 -0.000000
v 0.037912 -0.201000 0.442936
vn 0.000000 -1.000000 -0.000000
f 568//568 569//569 570//570
v 0.039525 -0.201000 0.440500
vn 0.000000 -1.000000 -0.000000
v 0.048075 -0.201000 0.440125
vn 0.000000 -1.000000 -0.000000
v 0.047120 -0.201000 0.441684
vn 0.000000 -1.000000 -0.000000
f 571//571 572//572 573//573
v 0.046275 -0.201000 0.430000
vn 0.000000 -1.000000 -0.000000
v 0.048075 -0.201000 0.440125
vn 0.000000 -1.000000 -0.000000
v 0.039525 -0.201000 0.440500
vn 0.000000 -1.000000 -0.000000
f 574//574 575//575 576//576
v 0.046275 -0.201000 0.430000
vn -0.000000 -1.000000 -0.000000
v 0.048602 -0.201000 0.439278
vn -0.000000 -1.000000 -0.000000
v 0.048075 -0.201000 0.440125
vn -0.000000 -1.000000 -0.000000
f 577//577 578//578 579//579
v 0.046275 -0.201000 0.430000
vn 0.000000 -1.000000 -0.000000
v 0.049102 -0.201000 0.438490
vn 0.000000 -1.000000 -0.000000
v 0.048602 -0.201000 0.439278
vn 0.000000 -1.000000 -0.000000
f 580//580 581//581 582//582
v 0.046275 -0.201000 0.430000
vn 0.000000 -1.000000 -0.000000
v 0.049587 -0.201000 0.437741
vn 0.000000 -1.000000 -0.000000
v 0.049102 -0.201000 0.438490
vn 0.000000 -1.000000 -0.000000
f 583//583 584//584 585//585
v 0.046275 -0.201000 0.430000
vn -0.000000 -1.000000 -0.000000
v 0.050067 -0.201000 0.437017
vn -0.000000 -1.000000 -0.000000
v 0.049587 -0.201000 0.437741
vn -0.000000 -1.000000 -0.000000
f 586//586 587//587 588//588
v 0.046275 -0.201000 0.430000
vn 0.000000 -1.000000 -0.000000
v 0.050553 -0.201000 0.436298
vn 0.000000 -1.000000 -0.000000
v 0.050067 -0.201000 0.437017
vn 0.000000 -1.000000 -0.000000
f 589//589 590//590 591//591
v 0.046275 -0.201000 0.430000
vn -0.000000 -1.000000 -0.000000
v 0.051056 -0.201000 0.435569
vn -0.000000 -1.000000 -0.000000
v 0.050553 -0.201000 0.436298
vn -0.000000 -1.000000 -0.000000
f 592//592 593//593 594//594
v 0.046275 -0.201000 0.430000
vn 0.000000 -1.000000 -0.000000
v 0.051588 -0.201000 0.434811
vn 0.000000 -1.000000 -0.000000
v 0.051056 -0.201000 0.435569
vn 0.000000 -1.000000 -0.000000
f 595//595 596//596 597//597
v 0.046275 -0.201000 0.430000
vn 0.000000 -1.000000 -0.000000
v 0.052158 -0.201000 0.434008
vn 0.000000 -1.000000 -0.000000
v 0.051588 -0.201000 0.434811
vn 0.000000 -1.000000 -0.000000
f 598//598 599//599 600//600
v 0.046275 -0.201000 0.430000
vn -0.000000 -1.000000 -0.000000
v 0.052779 -0.201000 0.433143
vn -0.000000 -1.000000 -0.000000
v 0.052158 -0.201000 0.434008
vn -0.000000 -1.000000 -0.000000
f 601//601 602//602 603//603
v 0.046275 -0.201000 0.430000
vn -0.000000 -1.000000 -0.000000
v 0.053460 -0.201000 0.432198
vn -0.000000 -1.000000 -0.000000
v 0.052779 -0.201000 0.433143
vn -0.000000 -1.000000 -0.000000
f 604//604 605//605 606//606
v 0.046275 -0.201000 0.430000
vn -0.000000 -1.000000 -0.000000
v 0.054214 -0.201000 0.431156
vn -0.000000 -1.000000 -0.000000
v 0.053460 -0.201000 0.432198
vn -0.000000 -1.000000 -0.000000
f 607//607 608//608 609//609
v 0.046275 -0.201000 0.430000
vn 0.000000 -1.000000 -0.000000
v 0.055050 -0.201000 0.430000
vn 0.000000 -1.000000 -0.000000
v 0.054214 -0.201000 0.431156
vn 0.000000 -1.000000 -0.000000
f 610//610 611//611 612//612
v -0.040275 -0.201000 0.430000
vn 0.000000 -1.000000 -0.000000
v -0.013125 -0.201000 0.481450
vn 0.000000 -1.000000 -0.000000
v -0.018300 -0.201000 0.481450
vn 0.000000 -1.000000 -0.000000
f 613//613 614//614 615//615
v -0.040275 -0.201000 0.430000
vn 0.000000 -1.000000 -0.000000
v -0.015825 -0.201000 0.470200
vn 0.000000 -1.000000 -0.000000
v -0.013125 -0.201000 0.481450
vn 0.000000 -1.000000 -0.000000
f 616//616 617//617 618//618
v -0.015825 -0.201000 0.470200
vn 0.000000 -1.000000 -0.000000
v 0.009750 -0.201000 0.430000
vn 0.000000 -1.000000 -0.000000
v -0.013125 -0.201000 0.481450
vn 0.000000 -1.000000 -0.000000
f 619//619 620//620 621//621
v -0.040275 -0.201000 0.430000
vn 0.000000 -1.000000 -0.000000
v -0.023475 -0.201000 0.451675
vn 0.000000 -1.000000 -0.000000
v -0.015825 -0.201000 0.470200
vn 0.000000 -1.000000 -0.000000
f 622//622 623//623 624//624
v -0.007575 -0.201000 0.451675
vn 0.000000 -1.000000 -0.000000
v 0.009750 -0.201000 0.430000
vn 0.000000 -1.000000 -0.000000
v -0.015825 -0.201000 0.470200
vn 0.000000 -1.000000 -0.000000
f 625//625 626//626 627//627
v -0.040275 -0.201000 0.430000
vn 0.000000 -1.000000 -0.000000
v -0.026325 -0.201000 0.445075
vn 0.000000 -1.000000 -0.000000
v -0.023475 -0.201000 0.451675
vn 0.000000 -1.000000 -0.000000
f 628//628 629//629 630//630
v -0.026325 -0.201000 0.445075
vn 0.000000 -1.000000 -0.000000
v -0.007575 -0.201000 0.451675
vn 0.000000 -1.000000 -0.000000
v -0.023475 -0.201000 0.451675
vn 0.000000 -1.000000 -0.000000
f 631//631 632//632 633//633
v -0.026325 -0.201000 0.445075
vn 0.000000 -1.000000 -0.000000
v -0.004575 -0.201000 0.445075
vn 0.000000 -1.000000 -0.000000
v -0.007575 -0.201000 0.451675
vn 0.000000 -1.000000 -0.000000
f 634//634 635//635 636//636
v -0.004575 -0.201000 0.445075
vn 0.000000 -1.000000 -0.000000
v 0.009750 -0.201000 0.430000
vn 0.000000 -1.000000 -0.000000
v -0.007575 -0.201000 0.451675
vn 0.000000 -1.000000 -0.000000
f 637//637 638//638 639//639
v -0.040275 -0.201000 0.430000
vn 0.000000 -1.000000 -0.000000
v -0.032775 -0.201000 0.430000
vn 0.000000 -1.000000 -0.000000
v -0.026325 -0.201000 0.445075
vn 0.000000 -1.000000 -0.000000
f 640//640 641//641 642//642
v 0.002250 -0.201000 0.430000
vn 0.000000 -1.000000 -0.000000
v 0.009750 -0.201000 0.430000
vn 0.000000 -1.000000 -0.000000
v -0.004575 -0.201000 0.445075
vn 0.000000 -1.000000 -0.000000
f 643//643 644//644 645//645
v -0.089325 -0.201000 0.430000
vn 0.000000 -1.000000 -0.000000
v -0.081975 -0.201000 0.481150
vn 0.000000 -1.000000 -0.000000
v -0.089325 -0.201000 0.481150
vn 0.000000 -1.000000 -0.000000
f 646//646 647//647 648//648
v -0.089325 -0.201000 0.430000
vn 0.000000 -1.000000 -0.000000
v -0.081975 -0.201000 0.458875
vn 0.000000 -1.000000 -0.000000
v -0.081975 -0.201000 0.481150
vn 0.000000 -1.000000 -0.000000
f 649//649 650//650 651//651
v -0.053325 -0.201000 0.458875
vn 0.000000 -1.000000 -0.000000
v -0.045975 -0.201000 0.481150
vn 0.000000 -1.000000 -0.000000
v -0.053325 -0.201000 0.481150
vn 0.000000 -1.000000 -0.000000
f 652//652 653//653 654//654
v -0.053325 -0.201000 0.458875
vn 0.000000 -1.000000 -0.000000
v -0.045975 -0.201000 0.430000
vn 0.000000 -1.000000 -0.000000
v -0.045975 -0.201000 0.481150
vn 0.000000 -1.000000 -0.000000
f 655//655 656//656 657//657
v -0.089325 -0.201000 0.430000
vn -0.000000 -1.000000 -0.000000
v -0.081975 -0.201000 0.452275
vn -0.000000 -1.000000 -0.000000
v -0.081975 -0.201000 0.458875
vn -0.000000 -1.000000 -0.000000
f 658//658 659//659 660//660
v -0.081975 -0.201000 0.452275
vn 0.000000 -1.000000 -0.000000
v -0.053325 -0.201000 0.458875
vn 0.000000 -1.000000 -0.000000
v -0.081975 -0.201000 0.458875
vn 0.000000 -1.000000 -0.000000
f 661//661 662//662 663//663
v -0.081975 -0.201000 0.452275
vn 0.000000 -1.000000 -0.000000
v -0.053325 -0.201000 0.452275
vn 0.000000 -1.000000 -0.000000
v -0.053325 -0.201000 0.458875
vn 0.000000 -1.000000 -0.000000
f 664//664 665//665 666//666
v -0.053325 -0.201000 0.452275
vn 0.000000 -1.000000 -0.000000
v -0.045975 -0.201000 0.430000
vn 0.000000 -1.000000 -0.000000
v -0.053325 -0.201000 0.458875
vn 0.000000 -1.000000 -0.000000
f 667//667 668//668 669//669
v -0.089325 -0.201000 0.430000
vn 0.000000 -1.000000 -0.000000
v -0.081975 -0.201000 0.430000
vn 0.000000 -1.000000 -0.000000
v -0.081975 -0.201000 0.452275
vn 0.000000 -1.000000 -0.000000
f 670//670 671//671 672//672
v -0.053325 -0.201000 0.430000
vn 0.000000 -1.000000 -0.000000
v -0.045975 -0.201000 0.430000
vn 0.000000 -1.000000 -0.000000
v -0.053325 -0.201000 0.452275
vn 0.000000 -1.000000 -0.000000
f 673//673 674//674 675//675
v -0.120371 -0.201000 0.481592
vn -0.000000 -1.000000 -0.000000
v -0.115085 -0.201000 0.481798
vn -0.000000 -1.000000 -0.000000
v -0.116400 -0.201000 0.481825
vn -0.000000 -1.000000 -0.000000
f 676//676 677//677 678//678
v -0.120371 -0.201000 0.481592
vn -0.000000 -1.000000 -0.000000
v -0.113761 -0.201000 0.481717
vn -0.000000 -1.000000 -0.000000
v -0.115085 -0.201000 0.481798
vn -0.000000 -1.000000 -0.000000
f 679//679 680//680 681//681
v -0.120371 -0.201000 0.481592
vn 0.000000 -1.000000 -0.000000
v -0.112424 -0.201000 0.481580
vn 0.000000 -1.000000 -0.000000
v -0.113761 -0.201000 0.481717
vn 0.000000 -1.000000 -0.000000
f 682//682 683//683 684//684
v -0.124129 -0.201000 0.480908
vn 0.000000 -1.000000 -0.000000
v -0.112424 -0.201000 0.481580
vn 0.000000 -1.000000 -0.000000
v -0.120371 -0.201000 0.481592
vn 0.000000 -1.000000 -0.000000
f 685//685 686//686 687//687
v -0.124129 -0.201000 0.480908
vn 0.000000 -1.000000 -0.000000
v -0.111067 -0.201000 0.481386
vn 0.000000 -1.000000 -0.000000
v -0.112424 -0.201000 0.481580
vn 0.000000 -1.000000 -0.000000
f 688//688 689//689 690//690
v -0.124129 -0.201000 0.480908
vn -0.000000 -1.000000 -0.000000
v -0.109685 -0.201000 0.481134
vn -0.000000 -1.000000 -0.000000
v -0.111067 -0.201000 0.481386
vn -0.000000 -1.000000 -0.000000
f 691//691 692//692 693//693
v -0.124129 -0.201000 0.480908
vn 0.000000 -1.000000 -0.000000
v -0.108272 -0.201000 0.480822
vn 0.000000 -1.000000 -0.000000
v -0.109685 -0.201000 0.481134
vn 0.000000 -1.000000 -0.000000
f 694//694 695//695 696//696
v -0.127649 -0.201000 0.479800
vn 0.000000 -1.000000 -0.000000
v -0.108272 -0.201000 0.480822
vn 0.000000 -1.000000 -0.000000
v -0.124129 -0.201000 0.480908
vn 0.000000 -1.000000 -0.000000
f 697//697 698//698 699//699
v -0.127649 -0.201000 0.479800
vn 0.000000 -1.000000 -0.000000
v -0.106823 -0.201000 0.480449
vn 0.000000 -1.000000 -0.000000
v -0.108272 -0.201000 0.480822
vn 0.000000 -1.000000 -0.000000
f 700//700 701//701 702//702
v -0.127649 -0.201000 0.479800
vn 0.000000 -1.000000 -0.000000
v -0.105333 -0.201000 0.480014
vn 0.000000 -1.000000 -0.000000
v -0.106823 -0.201000 0.480449
vn 0.000000 -1.000000 -0.000000
f 703//703 704//704 705//705
v -0.127649 -0.201000 0.479800
vn 0.000000 -1.000000 -0.000000
v -0.103796 -0.201000 0.479515
vn 0.000000 -1.000000 -0.000000
v -0.105333 -0.201000 0.480014
vn 0.000000 -1.000000 -0.000000
f 706//706 707//707 708//708
v -0.130906 -0.201000 0.478292
vn 0.000000 -1.000000 -0.000000
v -0.103796 -0.201000 0.479515
vn 0.000000 -1.000000 -0.000000
v -0.127649 -0.201000 0.479800
vn 0.000000 -1.000000 -0.000000
f 709//709 710//710 711//711
v -0.130906 -0.201000 0.478292
vn 0.000000 -1.000000 -0.000000
v -0.102207 -0.201000 0.478952
vn 0.000000 -1.000000 -0.000000
v -0.103796 -0.201000 0.479515
vn 0.000000 -1.000000 -0.000000
f 712//712 713//713 714//714
v -0.130906 -0.201000 0.478292
vn -0.000000 -1.000000 -0.000000
v -0.100560 -0.201000 0.478322
vn -0.000000 -1.000000 -0.000000
v -0.102207 -0.201000 0.478952
vn -0.000000 -1.000000 -0.000000
f 715//715 716//716 717//717
v -0.130906 -0.201000 0.478292
vn 0.000000 -1.000000 -0.000000
v -0.098850 -0.201000 0.477625
vn 0.000000 -1.000000 -0.000000
v -0.100560 -0.201000 0.478322
vn 0.000000 -1.000000 -0.000000
f 718//718 719//719 720//720
v -0.133874 -0.201000 0.476408
vn -0.000000 -1.000000 -0.000000
v -0.098850 -0.201000 0.477625
vn -0.000000 -1.000000 -0.000000
v -0.130906 -0.201000 0.478292
vn -0.000000 -1.000000 -0.000000
f 721//721 722//722 723//723
v -0.133874 -0.201000 0.476408
vn 0.000000 -1.000000 -0.000000
v -0.113550 -0.201000 0.474936
vn 0.000000 -1.000000 -0.000000
v -0.098850 -0.201000 0.477625
vn 0.000000 -1.000000 -0.000000
f 724//724 725//725 726//726
v -0.113550 -0.201000 0.474936
vn 0.000000 -1.000000 -0.000000
v -0.112107 -0.201000 0.474760
vn 0.000000 -1.000000 -0.000000
v -0.098850 -0.201000 0.477625
vn 0.000000 -1.000000 -0.000000
f 727//727 728//728 729//729
v -0.112107 -0.201000 0.474760
vn 0.000000 -1.000000 -0.000000
v -0.110672 -0.201000 0.474511
vn 0.000000 -1.000000 -0.000000
v -0.098850 -0.201000 0.477625
vn 0.000000 -1.000000 -0.000000
f 730//730 731//731 732//732
v -0.110672 -0.201000 0.474511
vn 0.000000 -1.000000 -0.000000
v -0.109239 -0.201000 0.474189
vn 0.000000 -1.000000 -0.000000
v -0.098850 -0.201000 0.477625
vn 0.000000 -1.000000 -0.000000
f 733//733 734//734 735//735
v -0.109239 -0.201000 0.474189
vn 0.000000 -1.000000 -0.000000
v -0.107803 -0.201000 0.473791
vn 0.000000 -1.000000 -0.000000
v -0.098850 -0.201000 0.477625
vn 0.000000 -1.000000 -0.000000
f 736//736 737//737 738//738
v -0.107803 -0.201000 0.473791
vn 0.000000 -1.000000 -0.000000
v -0.106359 -0.201000 0.473316
vn 0.000000 -1.000000 -0.000000
v -0.098850 -0.201000 0.477625
vn 0.000000 -1.000000 -0.000000
f 739//739 740//740 741//741
v -0.106359 -0.201000 0.473316
vn 0.000000 -1.000000 -0.000000
v -0.104903 -0.201000 0.472764
vn 0.000000 -1.000000 -0.000000
v -0.098850 -0.201000 0.477625
vn 0.000000 -1.000000 -0.000000
f 742//742 743//743 744//744
v -0.104903 -0.201000 0.472764
vn 0.000000 -1.000000 -0.000000
v -0.103429 -0.201000 0.472132
vn 0.000000 -1.000000 -0.000000
v -0.098850 -0.201000 0.477625
vn 0.000000 -1.000000 -0.000000
f 745//745 746//746 747//747
v -0.103429 -0.201000 0.472132
vn 0.000000 -1.000000 -0.000000
v -0.101932 -0.201000 0.471420
vn 0.000000 -1.000000 -0.000000
v -0.098850 -0.201000 0.477625
vn 0.000000 -1.000000 -0.000000
f 748//748 749//749 750//750
v -0.101932 -0.201000 0.471420
vn 0.000000 -1.000000 -0.000000
v -0.100407 -0.201000 0.470627
vn 0.000000 -1.000000 -0.000000
v -0.098850 -0.201000 0.477625
vn 0.000000 -1.000000 -0.000000
f 751//751 752//752 753//753
v -0.100407 -0.201000 0.470627
vn 0.000000 -1.000000 -0.000000
v -0.098850 -0.201000 0.469750
vn 0.000000 -1.000000 -0.000000
v -0.098850 -0.201000 0.477625
vn 0.000000 -1.000000 -0.000000
f 754//754 755//755 756//756
v -0.136528 -0.201000 0.474175
vn 0.000000 -1.000000 -0.000000
v -0.116475 -0.201000 0.475075
vn 0.000000 -1.000000 -0.000000
v -0.133874 -0.201000 0.476408
vn 0.000000 -1.000000 -0.000000
f 757//757 758//758 759//759
v -0.116475 -0.201000 0.475075
vn 0.000000 -1.000000 -0.000000
v -0.115004 -0.201000 0.475040
vn 0.000000 -1.000000 -0.000000
v -0.133874 -0.201000 0.476408
vn 0.000000 -1.000000 -0.000000
f 760//760 761//761 762//762
v -0.115004 -0.201000 0.475040
vn 0.000000 -1.000000 -0.000000
v -0.113550 -0.201000 0.474936
vn 0.000000 -1.000000 -0.000000
v -0.133874 -0.201000 0.476408
vn 0.000000 -1.000000 -0.000000
f 763//763 764//764 765//765
v -0.136528 -0.201000 0.474175
vn 0.000000 -1.000000 -0.000000
v -0.119334 -0.201000 0.474905
vn 0.000000 -1.000000 -0.000000
v -0.116475 -0.201000 0.475075
vn 0.000000 -1.000000 -0.000000
f 766//766 767//767 768//768
v -0.136528 -0.201000 0.474175
vn 0.000000 -1.000000 -0.000000
v -0.122049 -0.201000 0.474406
vn 0.000000 -1.000000 -0.000000
v -0.119334 -0.201000 0.474905
vn 0.000000 -1.000000 -0.000000
f 769//769 770//770 771//771
v -0.136528 -0.201000 0.474175
vn -0.000000 -1.000000 -0.000000
v -0.124598 -0.201000 0.473598
vn -0.000000 -1.000000 -0.000000
v -0.122049 -0.201000 0.474406
vn -0.000000 -1.000000 -0.000000
f 772//772 773//773 774//774
v -0.138843 -0.201000 0.471617
vn -0.000000 -1.000000 -0.000000
v -0.124598 -0.201000 0.473598
vn -0.000000 -1.000000 -0.000000
v -0.136528 -0.201000 0.474175
vn -0.000000 -1.000000 -0.000000
f 775//775 776//776 777//777
v -0.138843 -0.201000 0.471617
vn 0.000000 -1.000000 -0.000000
v -0.126964 -0.201000 0.472500
vn 0.000000 -1.000000 -0.000000
v -0.124598 -0.201000 0.473598
vn 0.000000 -1.000000 -0.000000
f 778//778 779//779 780//780
v -0.138843 -0.201000 0.471617
vn 0.000000 -1.000000 -0.000000
v -0.129125 -0.201000 0.471130
vn 0.000000 -1.000000 -0.000000
v -0.126964 -0.201000 0.472500
vn 0.000000 -1.000000 -0.000000
f 781//781 782//782 783//783
v -0.140794 -0.201000 0.468758
vn 0.000000 -1.000000 -0.000000
v -0.129125 -0.201000 0.471130
vn 0.000000 -1.000000 -0.000000
v -0.138843 -0.201000 0.471617
vn 0.000000 -1.000000 -0.000000
f 784//784 785//785 786//786
v -0.140794 -0.201000 0.468758
vn 0.000000 -1.000000 -0.000000
v -0.131063 -0.201000 0.469506
vn 0.000000 -1.000000 -0.000000
v -0.129125 -0.201000 0.471130
vn 0.000000 -1.000000 -0.000000
f 787//787 788//788 789//789
v -0.140794 -0.201000 0.468758
vn -0.000000 -1.000000 -0.000000
v -0.132756 -0.201000 0.467648
vn -0.000000 -1.000000 -0.000000
v -0.131063 -0.201000 0.469506
vn -0.000000 -1.000000 -0.000000
f 790//790 791//791 792//792
v -0.142356 -0.201000 0.465625
vn 0.000000 -1.000000 -0.000000
v -0.132756 -0.201000 0.467648
vn 0.000000 -1.000000 -0.000000
v -0.140794 -0.201000 0.468758
vn 0.000000 -1.000000 -0.000000
f 793//793 794//794 795//795
v -0.142356 -0.201000 0.465625
vn -0.000000 -1.000000 -0.000000
v -0.134186 -0.201000 0.465575
vn -0.000000 -1.000000 -0.000000
v -0.132756 -0.201000 0.467648
vn -0.000000 -1.000000 -0.000000
f 796//796 797//797 798//798
v -0.143502 -0.201000 0.462242
vn -0.000000 -1.000000 -0.000000
v -0.134186 -0.201000 0.465575
vn -0.000000 -1.000000 -0.000000
v -0.142356 -0.201000 0.465625
vn -0.000000 -1.000000 -0.000000
f 799//799 800//800 801//801
v -0.143502 -0.201000 0.462242
vn 0.000000 -1.000000 -0.000000
v -0.135333 -0.201000 0.463305
vn 0.000000 -1.000000 -0.000000
v -0.134186 -0.201000 0.465575
vn 0.000000 -1.000000 -0.000000
f 802//802 803//803 804//804
v -0.143502 -0.201000 0.462242
vn 0.000000 -1.000000 -0.000000
v -0.136176 -0.201000 0.460856
vn 0.000000 -1.000000 -0.000000
v -0.135333 -0.201000 0.463305
vn 0.000000 -1.000000 -0.000000
f 805//805 806//806 807//807
v -0.144209 -0.201000 0.458633
vn 0.000000 -1.000000 -0.000000
v -0.136176 -0.201000 0.460856
vn 0.000000 -1.000000 -0.000000
v -0.143502 -0.201000 0.462242
vn 0.000000 -1.000000 -0.000000
f 808//808 809//809 810//810
v -0.144209 -0.201000 0.458633
vn 0.000000 -1.000000 -0.000000
v -0.136697 -0.201000 0.458248
vn 0.000000 -1.000000 -0.000000
v -0.136176 -0.201000 0.460856
vn 0.000000 -1.000000 -0.000000
f 811//811 812//812 813//813
v -0.144450 -0.201000 0.454825
vn 0.000000 -1.000000 -0.000000
v -0.136697 -0.201000 0.458248
vn 0.000000 -1.000000 -0.000000
v -0.144209 -0.201000 0.458633
vn 0.000000 -1.000000 -0.000000
f 814//814 815//815 816//816
v -0.144450 -0.201000 0.454825
vn 0.000000 -1.000000 -0.000000
v -0.136875 -0.201000 0.455500
vn 0.000000 -1.000000 -0.000000
v -0.136697 -0.201000 0.458248
vn 0.000000 -1.000000 -0.000000
f 817//817 818//818 819//819
v -0.144450 -0.201000 0.454825
vn 0.000000 -1.000000 -0.000000
v -0.136703 -0.201000 0.452707
vn 0.000000 -1.000000 -0.000000
v -0.136875 -0.201000 0.455500
vn 0.000000 -1.000000 -0.000000
f 820//820 821//821 822//822
v -0.144274 -0.201000 0.452070
vn 0.000000 -1.000000 -0.000000
v -0.136703 -0.201000 0.452707
vn 0.000000 -1.000000 -0.000000
v -0.144450 -0.201000 0.454825
vn 0.000000 -1.000000 -0.000000
f 823//823 824//824 825//825
v -0.144274 -0.201000 0.452070
vn -0.000000 -1.000000 -0.000000
v -0.136196 -0.201000 0.450077
vn -0.000000 -1.000000 -0.000000
v -0.136703 -0.201000 0.452707
vn -0.000000 -1.000000 -0.000000
f 826//826 827//827 828//828
v -0.143739 -0.201000 0.449212
vn 0.000000 -1.000000 -0.000000
v -0.136196 -0.201000 0.450077
vn 0.000000 -1.000000 -0.000000
v -0.144274 -0.201000 0.452070
vn 0.000000 -1.000000 -0.000000
f 829//829 830//830 831//831
v -0.143739 -0.201000 0.449212
vn 0.000000 -1.000000 -0.000000
v -0.135370 -0.201000 0.447624
vn 0.000000 -1.000000 -0.000000
v -0.136196 -0.201000 0.450077
vn 0.000000 -1.000000 -0.000000
f 832//832 833//833 834//834
v -0.142838 -0.201000 0.446316
vn 0.000000 -1.000000 -0.000000
v -0.135370 -0.201000 0.447624
vn 0.000000 -1.000000 -0.000000
v -0.143739 -0.201000 0.449212
vn 0.000000 -1.000000 -0.000000
f 835//835 836//836 837//837
v -0.142838 -0.201000 0.446316
vn 0.000000 -1.000000 -0.000000
v -0.134242 -0.201000 0.445364
vn 0.000000 -1.000000 -0.000000
v -0.135370 -0.201000 0.447624
vn 0.000000 -1.000000 -0.000000
f 838//838 839//839 840//840
v -0.141561 -0.201000 0.443447
vn 0.000000 -1.000000 -0.000000
v -0.134242 -0.201000 0.445364
vn 0.000000 -1.000000 -0.000000
v -0.142838 -0.201000 0.446316
vn 0.000000 -1.000000 -0.000000
f 841//841 842//842 843//843
v -0.141561 -0.201000 0.443447
vn 0.000000 -1.000000 -0.000000
v -0.132826 -0.201000 0.443312
vn 0.000000 -1.000000 -0.000000
v -0.134242 -0.201000 0.445364
vn 0.000000 -1.000000 -0.000000
f 844//844 845//845 846//846
v -0.139901 -0.201000 0.440671
vn -0.000000 -1.000000 -0.000000
v -0.132826 -0.201000 0.443312
vn -0.000000 -1.000000 -0.000000
v -0.141561 -0.201000 0.443447
vn -0.000000 -1.000000 -0.000000
f 847//847 848//848 849//849
v -0.139901 -0.201000 0.440671
vn 0.000000 -1.000000 -0.000000
v -0.131138 -0.201000 0.441484
vn 0.000000 -1.000000 -0.000000
v -0.132826 -0.201000 0.443312
vn 0.000000 -1.000000 -0.000000
f 850//850 851//851 852//852
v -0.099779 -0.201000 0.440949
vn 0.000000 -1.000000 -0.000000
v -0.098325 -0.201000 0.433825
vn 0.000000 -1.000000 -0.000000
v -0.098325 -0.201000 0.441850
vn 0.000000 -1.000000 -0.000000
f 853//853 854//854 855//855
v -0.139901 -0.201000 0.440671
vn 0.000000 -1.000000 -0.000000
v -0.129193 -0.201000 0.439896
vn 0.000000 -1.000000 -0.000000
v -0.131138 -0.201000 0.441484
vn 0.000000 -1.000000 -0.000000
f 856//856 857//857 858//858
v -0.101251 -0.201000 0.440120
vn 0.000000 -1.000000 -0.000000
v -0.098325 -0.201000 0.433825
vn 0.000000 -1.000000 -0.000000
v -0.099779 -0.201000 0.440949
vn 0.000000 -1.000000 -0.000000
f 859//859 860//860 861//861
v -0.137850 -0.201000 0.438053
vn -0.000000 -1.000000 -0.000000
v -0.129193 -0.201000 0.439896
vn -0.000000 -1.000000 -0.000000
v -0.139901 -0.201000 0.440671
vn -0.000000 -1.000000 -0.000000
f 862//862 863//863 864//864
v -0.102738 -0.201000 0.439366
vn -0.000000 -1.000000 -0.000000
v -0.098325 -0.201000 0.433825
vn -0.000000 -1.000000 -0.000000
v -0.101251 -0.201000 0.440120
vn -0.000000 -1.000000 -0.000000
f 865//865 866//866 867//867
v -0.137850 -0.201000 0.438053
vn 0.000000 -1.000000 -0.000000
v -0.127008 -0.201000 0.438561
vn 0.000000 -1.000000 -0.000000
v -0.129193 -0.201000 0.439896
vn 0.000000 -1.000000 -0.000000
f 868//868 869//869 870//870
v -0.104236 -0.201000 0.438686
vn 0.000000 -1.000000 -0.000000
v -0.098325 -0.201000 0.433825
vn 0.000000 -1.000000 -0.000000
v -0.102738 -0.201000 0.439366
vn 0.000000 -1.000000 -0.000000
f 871//871 872//872 873//873
v -0.105741 -0.201000 0.438083
vn 0.000000 -1.000000 -0.000000
v -0.098325 -0.201000 0.433825
vn 0.000000 -1.000000 -0.000000
v -0.104236 -0.201000 0.438686
vn 0.000000 -1.000000 -0.000000
f 874//874 875//875 876//876
v -0.137850 -0.201000 0.438053
vn 0.000000 -1.000000 -0.000000
v -0.124598 -0.201000 0.437496
vn 0.000000 -1.000000 -0.000000
v -0.127008 -0.201000 0.438561
vn 0.000000 -1.000000 -0.000000
f 877//877 878//878 879//879
v -0.107250 -0.201000 0.437556
vn 0.000000 -1.000000 -0.000000
v -0.098325 -0.201000 0.433825
vn 0.000000 -1.000000 -0.000000
v -0.105741 -0.201000 0.438083
vn 0.000000 -1.000000 -0.000000
f 880//880 881//881 882//882
v -0.135399 -0.201000 0.435659
vn -0.000000 -1.000000 -0.000000
v -0.124598 -0.201000 0.437496
vn -0.000000 -1.000000 -0.000000
v -0.137850 -0.201000 0.438053
vn -0.000000 -1.000000 -0.000000
f 883//883 884//884 885//885
v -0.108759 -0.201000 0.437108
vn 0.000000 -1.000000 -0.000000
v -0.098325 -0.201000 0.433825
vn 0.000000 -1.000000 -0.000000
v -0.107250 -0.201000 0.437556
vn 0.000000 -1.000000 -0.000000
f 886//886 887//887 888//888
v -0.135399 -0.201000 0.435659
vn -0.000000 -1.000000 -0.000000
v -0.121979 -0.201000 0.436717
vn -0.000000 -1.000000 -0.000000
v -0.124598 -0.201000 0.437496
vn -0.000000 -1.000000 -0.000000
f 889//889 890//890 891//891
v -0.110264 -0.201000 0.436739
vn 0.000000 -1.000000 -0.000000
v -0.098325 -0.201000 0.433825
vn 0.000000 -1.000000 -0.000000
v -0.108759 -0.201000 0.437108
vn 0.000000 -1.000000 -0.000000
f 892//892 893//893 894//894
v -0.111762 -0.201000 0.436450
vn 0.000000 -1.000000 -0.000000
v -0.098325 -0.201000 0.433825
vn 0.000000 -1.000000 -0.000000
v -0.110264 -0.201000 0.436739
vn 0.000000 -1.000000 -0.000000
f 895//895 896//896 897//897
v -0.135399 -0.201000 0.435659
vn 0.000000 -1.000000 -0.000000
v -0.119166 -0.201000 0.436238
vn 0.000000 -1.000000 -0.000000
v -0.121979 -0.201000 0.436717
vn 0.000000 -1.000000 -0.000000
f 898//898 899//899 900//900
v -0.113249 -0.201000 0.436242
vn -0.000000 -1.000000 -0.000000
v -0.098325 -0.201000 0.433825
vn -0.000000 -1.000000 -0.000000
v -0.111762 -0.201000 0.436450
vn -0.000000 -1.000000 -0.000000
f 901//901 902//902 903//903
v -0.114721 -0.201000 0.436117
vn 0.000000 -1.000000 -0.000000
v -0.098325 -0.201000 0.433825
vn 0.000000 -1.000000 -0.000000
v -0.113249 -0.201000 0.436242
vn 0.000000 -1.000000 -0.000000
f 904//904 905//905 906//906
v -0.135399 -0.201000 0.435659
vn 0.000000 -1.000000 -0.000000
v -0.116175 -0.201000 0.436075
vn 0.000000 -1.000000 -0.000000
v -0.119166 -0.201000 0.436238
vn 0.000000 -1.000000 -0.000000
f 907//907 908//908 909//909
v -0.116175 -0.201000 0.436075
vn 0.000000 -1.000000 -0.000000
v -0.098325 -0.201000 0.433825
vn 0.000000 -1.000000 -0.000000
v -0.114721 -0.201000 0.436117
vn 0.000000 -1.000000 -0.000000
f 910//910 911//911 912//912
v -0.135399 -0.201000 0.435659
vn 0.000000 -1.000000 -0.000000
v -0.098325 -0.201000 0.433825
vn 0.000000 -1.000000 -0.000000
v -0.116175 -0.201000 0.436075
vn 0.000000 -1.000000 -0.000000
f 913//913 914//914 915//915
v -0.132539 -0.201000 0.433553
vn 0.000000 -1.000000 -0.000000
v -0.098325 -0.201000 0.433825
vn 0.000000 -1.000000 -0.000000
v -0.135399 -0.201000 0.435659
vn 0.000000 -1.000000 -0.000000
f 916//916 917//917 918//918
v -0.132539 -0.201000 0.433553
vn 0.000000 -1.000000 -0.000000
v -0.099592 -0.201000 0.433185
vn 0.000000 -1.000000 -0.000000
v -0.098325 -0.201000 0.433825
vn 0.000000 -1.000000 -0.000000
f 919//919 920//920 921//921
v -0.129263 -0.201000 0.431801
vn -0.000000 -1.000000 -0.000000
v -0.099592 -0.201000 0.433185
vn -0.000000 -1.000000 -0.000000
v -0.132539 -0.201000 0.433553
vn -0.000000 -1.000000 -0.000000
f 922//922 923//923 924//924
v -0.129263 -0.201000 0.431801
vn 0.000000 -1.000000 -0.000000
v -0.100885 -0.201000 0.432580
vn 0.000000 -1.000000 -0.000000
v -0.099592 -0.201000 0.433185
vn 0.000000 -1.000000 -0.000000
f 925//925 926//926 927//927
v -0.129263 -0.201000 0.431801
vn -0.000000 -1.000000 -0.000000
v -0.102211 -0.201000 0.432014
vn -0.000000 -1.000000 -0.000000
v -0.100885 -0.201000 0.432580
vn -0.000000 -1.000000 -0.000000
f 928//928 929//929 930//930
v -0.129263 -0.201000 0.431801
vn 0.000000 -1.000000 -0.000000
v -0.103578 -0.201000 0.431492
vn 0.000000 -1.000000 -0.000000
v -0.102211 -0.201000 0.432014
vn 0.000000 -1.000000 -0.000000
f 931//931 932//932 933//933
v -0.125561 -0.201000 0.430469
vn -0.000000 -1.000000 -0.000000
v -0.103578 -0.201000 0.431492
vn -0.000000 -1.000000 -0.000000
v -0.129263 -0.201000 0.431801
vn -0.000000 -1.000000 -0.000000
f 934//934 935//935 936//936
v -0.125561 -0.201000 0.430469
vn 0.000000 -1.000000 -0.000000
v -0.104993 -0.201000 0.431016
vn 0.000000 -1.000000 -0.000000
v -0.103578 -0.201000 0.431492
vn 0.000000 -1.000000 -0.000000
f 937//937 938//938 939//939
v -0.125561 -0.201000 0.430469
vn 0.000000 -1.000000 -0.000000
v -0.106463 -0.201000 0.430591
vn 0.000000 -1.000000 -0.000000
v -0.104993 -0.201000 0.431016
vn 0.000000 -1.000000 -0.000000
f 940//940 941//941 942//942
v -0.125561 -0.201000 0.430469
vn 0.000000 -1.000000 -0.000000
v -0.107995 -0.201000 0.430220
vn 0.000000 -1.000000 -0.000000
v -0.106463 -0.201000 0.430591
vn 0.000000 -1.000000 -0.000000
f 943//943 944//944 945//945
v -0.121426 -0.201000 0.429622
vn 0.000000 -1.000000 -0.000000
v -0.107995 -0.201000 0.430220
vn 0.000000 -1.000000 -0.000000
v -0.125561 -0.201000 0.430469
vn 0.000000 -1.000000 -0.000000
f 946//946 947//947 948//948
v -0.121426 -0.201000 0.429622
vn 0.000000 -1.000000 -0.000000
v -0.109597 -0.201000 0.429908
vn 0.000000 -1.000000 -0.000000
v -0.107995 -0.201000 0.430220
vn 0.000000 -1.000000 -0.000000
f 949//949 950//950 951//951
v -0.121426 -0.201000 0.429622
vn 0.000000 -1.000000 -0.000000
v -0.111277 -0.201000 0.429659
vn 0.000000 -1.000000 -0.000000
v -0.109597 -0.201000 0.429908
vn 0.000000 -1.000000 -0.000000
f 952//952 953//953 954//954
v -0.121426 -0.201000 0.429622
vn 0.000000 -1.000000 -0.000000
v -0.113040 -0.201000 0.429476
vn 0.000000 -1.000000 -0.000000
v -0.111277 -0.201000 0.429659
vn 0.000000 -1.000000 -0.000000
f 955//955 956//956 957//957
v -0.116850 -0.201000 0.429325
vn 0.000000 -1.000000 -0.000000
v -0.113040 -0.201000 0.429476
vn 0.000000 -1.000000 -0.000000
v -0.121426 -0.201000 0.429622
vn 0.000000 -1.000000 -0.000000
f 958//958 959//959 960//960
v -0.116850 -0.201000 0.429325
vn 0.000000 -1.000000 -0.000000
v -0.114896 -0.201000 0.429363
vn 0.000000 -1.000000 -0.000000
v -0.113040 -0.201000 0.429476
vn 0.000000 -1.000000 -0.000000
f 961//961 962//962 963//963
v 0.116175 -0.199000 0.430000
vn -0.000000 1.000000 0.000000
v 0.116175 -0.199000 0.481150
vn -0.000000 1.000000 0.000000
v 0.123525 -0.199000 0.474550
vn -0.000000 1.000000 0.000000
f 964//964 965//965 966//966
v 0.123525 -0.199000 0.474550
vn 0.000000 1.000000 0.000000
v 0.116175 -0.199000 0.481150
vn 0.000000 1.000000 0.000000
v 0.145200 -0.199000 0.481150
vn 0.000000 1.000000 0.000000
f 967//967 968//968 969//969
v 0.123525 -0.199000 0.474550
vn 0.000000 1.000000 0.000000
v 0.145200 -0.199000 0.481150
vn 0.000000 1.000000 0.000000
v 0.145200 -0.199000 0.474550
vn 0.000000 1.000000 0.000000
f 970//970 971//971 972//972
v 0.116175 -0.199000 0.430000
vn 0.000000 1.000000 0.000000
v 0.123525 -0.199000 0.474550
vn 0.000000 1.000000 0.000000
v 0.123525 -0.199000 0.459100
vn 0.000000 1.000000 0.000000
f 973//973 974//974 975//975
v 0.116175 -0.199000 0.430000
vn -0.000000 1.000000 0.000000
v 0.123525 -0.199000 0.459100
vn -0.000000 1.000000 0.000000
v 0.123525 -0.199000 0.452500
vn -0.000000 1.000000 0.000000
f 976//976 977//977 978//978
v 0.123525 -0.199000 0.452500
vn 0.000000 1.000000 0.000000
v 0.123525 -0.199000 0.459100
vn 0.000000 1.000000 0.000000
v 0.144450 -0.199000 0.459100
vn 0.000000 1.000000 0.000000
f 979//979 980//980 981//981
v 0.123525 -0.199000 0.452500
vn 0.000000 1.000000 0.000000
v 0.144450 -0.199000 0.459100
vn 0.000000 1.000000 0.000000
v 0.144450 -0.199000 0.452500
vn 0.000000 1.000000 0.000000
f 982//982 983//983 984//984
v 0.116175 -0.199000 0.430000
vn 0.000000 1.000000 0.000000
v 0.123525 -0.199000 0.452500
vn 0.000000 1.000000 0.000000
v 0.123525 -0.199000 0.436600
vn 0.000000 1.000000 0.000000
f 985//985 986//986 987//987
v 0.116175 -0.199000 0.430000
vn 0.000000 1.000000 0.000000
v 0.123525 -0.199000 0.436600
vn 0.000000 1.000000 0.000000
v 0.145875 -0.199000 0.436600
vn 0.000000 1.000000 0.000000
f 988//988 989//989 990//990
v 0.116175 -0.199000 0.430000
vn 0.000000 1.000000 0.000000
v 0.145875 -0.199000 0.436600
vn 0.000000 1.000000 0.000000
v 0.145875 -0.199000 0.430000
vn 0.000000 1.000000 0.000000
f 991//991 992//992 993//993
v 0.082433 -0.199000 0.481591
vn 0.000000 1.000000 0.000000
v 0.086250 -0.199000 0.481825
vn 0.000000 1.000000 0.000000
v 0.087716 -0.199000 0.481804
vn 0.000000 1.000000 0.000000
f 994//994 995//995 996//996
v 0.082433 -0.199000 0.481591
vn 0.000000 1.000000 0.000000
v 0.087716 -0.199000 0.481804
vn 0.000000 1.000000 0.000000
v 0.089126 -0.199000 0.481737
vn 0.000000 1.000000 0.000000
f 997//997 998//998 999//999
v 0.082433 -0.199000 0.481591
vn 0.000000 1.000000 0.000000
v 0.089126 -0.199000 0.481737
vn 0.000000 1.000000 0.000000
v 0.090500 -0.199000 0.481620
vn 0.000000 1.000000 0.000000
f 1000//1000 1001//1001 1002//1002
v 0.082433 -0.199000 0.481591
vn 0.000000 1.000000 0.000000
v 0.090500 -0.199000 0.481620
vn 0.000000 1.000000 0.000000
v 0.091858 -0.199000 0.481447
vn 0.000000 1.000000 0.000000
f 1003//1003 1004//1004 1005//1005
v 0.078800 -0.199000 0.480905
vn -0.000000 1.000000 0.000000
v 0.082433 -0.199000 0.481591
vn -0.000000 1.000000 0.000000
v 0.091858 -0.199000 0.481447
vn -0.000000 1.000000 0.000000
f 1006//1006 1007//1007 1008//1008
v 0.078800 -0.199000 0.480905
vn 0.000000 1.000000 0.000000
v 0.091858 -0.199000 0.481447
vn 0.000000 1.000000 0.000000
v 0.093219 -0.199000 0.481214
vn 0.000000 1.000000 0.000000
f 1009//1009 1010//1010 1011//1011
v 0.078800 -0.199000 0.480905
vn 0.000000 1.000000 0.000000
v 0.093219 -0.199000 0.481214
vn 0.000000 1.000000 0.000000
v 0.094603 -0.199000 0.480916
vn 0.000000 1.000000 0.000000
f 1012//1012 1013//1013 1014//1014
v 0.078800 -0.199000 0.480905
vn 0.000000 1.000000 0.000000
v 0.094603 -0.199000 0.480916
vn 0.000000 1.000000 0.000000
v 0.096029 -0.199000 0.480547
vn 0.000000 1.000000 0.000000
f 1015//1015 1016//1016 1017//1017
v 0.075380 -0.199000 0.479796
vn -0.000000 1.000000 0.000000
v 0.078800 -0.199000 0.480905
vn -0.000000 1.000000 0.000000
v 0.096029 -0.199000 0.480547
vn -0.000000 1.000000 0.000000
f 1018//1018 1019//1019 1020//1020
v 0.075380 -0.199000 0.479796
vn 0.000000 1.000000 0.000000
v 0.096029 -0.199000 0.480547
vn 0.000000 1.000000 0.000000
v 0.097517 -0.199000 0.480103
vn 0.000000 1.000000 0.000000
f 1021//1021 1022//1022 1023//1023
v 0.075380 -0.199000 0.479796
vn 0.000000 1.000000 0.000000
v 0.097517 -0.199000 0.480103
vn 0.000000 1.000000 0.000000
v 0.099086 -0.199000 0.479579
vn 0.000000 1.000000 0.000000
f 1024//1024 1025//1025 1026//1026
v 0.072200 -0.199000 0.478292
vn 0.000000 1.000000 0.000000
v 0.075380 -0.199000 0.479796
vn 0.000000 1.000000 0.000000
v 0.099086 -0.199000 0.479579
vn 0.000000 1.000000 0.000000
f 1027//1027 1028//1028 1029//1029
v 0.072200 -0.199000 0.478292
vn -0.000000 1.000000 0.000000
v 0.099086 -0.199000 0.479579
vn -0.000000 1.000000 0.000000
v 0.100755 -0.199000 0.478969
vn -0.000000 1.000000 0.000000
f 1030//1030 1031//1031 1032//1032
v 0.072200 -0.199000 0.478292
vn 0.000000 1.000000 0.000000
v 0.100755 -0.199000 0.478969
vn 0.000000 1.000000 0.000000
v 0.102545 -0.199000 0.478270
vn 0.000000 1.000000 0.000000
f 1033//1033 1034//1034 1035//1035
v 0.069289 -0.199000 0.476418
vn -0.000000 1.000000 0.000000
v 0.072200 -0.199000 0.478292
vn -0.000000 1.000000 0.000000
v 0.102545 -0.199000 0.478270
vn -0.000000 1.000000 0.000000
f 1036//1036 1037//1037 1038//1038
v 0.069289 -0.199000 0.476418
vn 0.000000 1.000000 0.000000
v 0.102545 -0.199000 0.478270
vn 0.000000 1.000000 0.000000
v 0.104475 -0.199000 0.477475
vn 0.000000 1.000000 0.000000
f 1039//1039 1040//1040 1041//1041
v 0.069289 -0.199000 0.476418
vn 0.000000 1.000000 0.000000
v 0.104475 -0.199000 0.477475
vn 0.000000 1.000000 0.000000
v 0.089180 -0.199000 0.474932
vn 0.000000 1.000000 0.000000
f 1042//1042 1043//1043 1044//1044
v 0.089180 -0.199000 0.474932
vn 0.000000 1.000000 0.000000
v 0.104475 -0.199000 0.477475
vn 0.000000 1.000000 0.000000
v 0.090722 -0.199000 0.474754
vn 0.000000 1.000000 0.000000
f 1045//1045 1046//1046 1047//1047
v 0.090722 -0.199000 0.474754
vn 0.000000 1.000000 0.000000
v 0.104475 -0.199000 0.477475
vn 0.000000 1.000000 0.000000
v 0.092264 -0.199000 0.474506
vn 0.000000 1.000000 0.000000
f 1048//1048 1049//1049 1050//1050
v 0.092264 -0.199000 0.474506
vn 0.000000 1.000000 0.000000
v 0.104475 -0.199000 0.477475
vn 0.000000 1.000000 0.000000
v 0.093805 -0.199000 0.474187
vn 0.000000 1.000000 0.000000
f 1051//1051 1052//1052 1053//1053
v 0.093805 -0.199000 0.474187
vn 0.000000 1.000000 0.000000
v 0.104475 -0.199000 0.477475
vn 0.000000 1.000000 0.000000
v 0.095344 -0.199000 0.473800
vn 0.000000 1.000000 0.000000
f 1054//1054 1055//1055 1056//1056
v 0.095344 -0.199000 0.473800
vn 0.000000 1.000000 0.000000
v 0.104475 -0.199000 0.477475
vn 0.000000 1.000000 0.000000
v 0.096880 -0.199000 0.473344
vn 0.000000 1.000000 0.000000
f 1057//1057 1058//1058 1059//1059
v 0.096880 -0.199000 0.473344
vn 0.000000 1.000000 0.000000
v 0.104475 -0.199000 0.477475
vn 0.000000 1.000000 0.000000
v 0.098411 -0.199000 0.472819
vn 0.000000 1.000000 0.000000
f 1060//1060 1061//1061 1062//1062
v 0.098411 -0.199000 0.472819
vn 0.000000 1.000000 0.000000
v 0.104475 -0.199000 0.477475
vn 0.000000 1.000000 0.000000
v 0.099938 -0.199000 0.472227
vn 0.000000 1.000000 0.000000
f 1063//1063 1064//1064 1065//1065
v 0.099938 -0.199000 0.472227
vn 0.000000 1.000000 0.000000
v 0.104475 -0.199000 0.477475
vn 0.000000 1.000000 0.000000
v 0.101458 -0.199000 0.471568
vn 0.000000 1.000000 0.000000
f 1066//1066 1067//1067 1068//1068
v 0.101458 -0.199000 0.471568
vn 0.000000 1.000000 0.000000
v 0.104475 -0.199000 0.477475
vn 0.000000 1.000000 0.000000
v 0.102971 -0.199000 0.470842
vn 0.000000 1.000000 0.000000
f 1069//1069 1070//1070 1071//1071
v 0.102971 -0.199000 0.470842
vn 0.000000 1.000000 0.000000
v 0.104475 -0.199000 0.477475
vn 0.000000 1.000000 0.000000
v 0.104475 -0.199000 0.470050
vn 0.000000 1.000000 0.000000
f 1072//1072 1073//1073 1074//1074
v 0.066675 -0.199000 0.474203
vn 0.000000 1.000000 0.000000
v 0.069289 -0.199000 0.476418
vn 0.000000 1.000000 0.000000
v 0.086100 -0.199000 0.475075
vn 0.000000 1.000000 0.000000
f 1075//1075 1076//1076 1077//1077
v 0.086100 -0.199000 0.475075
vn 0.000000 1.000000 0.000000
v 0.069289 -0.199000 0.476418
vn 0.000000 1.000000 0.000000
v 0.087639 -0.199000 0.475039
vn 0.000000 1.000000 0.000000
f 1078//1078 1079//1079 1080//1080
v 0.087639 -0.199000 0.475039
vn 0.000000 1.000000 0.000000
v 0.069289 -0.199000 0.476418
vn 0.000000 1.000000 0.000000
v 0.089180 -0.199000 0.474932
vn 0.000000 1.000000 0.000000
f 1081//1081 1082//1082 1083//1083
v 0.066675 -0.199000 0.474203
vn -0.000000 1.000000 0.000000
v 0.086100 -0.199000 0.475075
vn -0.000000 1.000000 0.000000
v 0.083380 -0.199000 0.474902
vn -0.000000 1.000000 0.000000
f 1084//1084 1085//1085 1086//1086
v 0.066675 -0.199000 0.474203
vn 0.000000 1.000000 0.000000
v 0.083380 -0.199000 0.474902
vn 0.000000 1.000000 0.000000
v 0.080785 -0.199000 0.474396
vn 0.000000 1.000000 0.000000
f 1087//1087 1088//1088 1089//1089
v 0.066675 -0.199000 0.474203
vn 0.000000 1.000000 0.000000
v 0.080785 -0.199000 0.474396
vn 0.000000 1.000000 0.000000
v 0.078335 -0.199000 0.473577
vn 0.000000 1.000000 0.000000
f 1090//1090 1091//1091 1092//1092
v 0.064386 -0.199000 0.471674
vn 0.000000 1.000000 0.000000
v 0.066675 -0.199000 0.474203
vn 0.000000 1.000000 0.000000
v 0.078335 -0.199000 0.473577
vn 0.000000 1.000000 0.000000
f 1093//1093 1094//1094 1095//1095
v 0.064386 -0.199000 0.471674
vn 0.000000 1.000000 0.000000
v 0.078335 -0.199000 0.473577
vn 0.000000 1.000000 0.000000
v 0.076053 -0.199000 0.472467
vn 0.000000 1.000000 0.000000
f 1096//1096 1097//1097 1098//1098
v 0.064386 -0.199000 0.471674
vn 0.000000 1.000000 0.000000
v 0.076053 -0.199000 0.472467
vn 0.000000 1.000000 0.000000
v 0.073959 -0.199000 0.471084
vn 0.000000 1.000000 0.000000
f 1099//1099 1100//1100 1101//1101
v 0.062450 -0.199000 0.468858
vn 0.000000 1.000000 0.000000
v 0.064386 -0.199000 0.471674
vn 0.000000 1.000000 0.000000
v 0.073959 -0.199000 0.471084
vn 0.000000 1.000000 0.000000
f 1102//1102 1103//1103 1104//1104
v 0.062450 -0.199000 0.468858
vn -0.000000 1.000000 0.000000
v 0.073959 -0.199000 0.471084
vn -0.000000 1.000000 0.000000
v 0.072075 -0.199000 0.469450
vn -0.000000 1.000000 0.000000
f 1105//1105 1106//1106 1107//1107
v 0.062450 -0.199000 0.468858
vn 0.000000 1.000000 0.000000
v 0.072075 -0.199000 0.469450
vn 0.000000 1.000000 0.000000
v 0.070422 -0.199000 0.467585
vn 0.000000 1.000000 0.000000
f 1108//1108 1109//1109 1110//1110
v 0.060895 -0.199000 0.465783
vn 0.000000 1.000000 0.000000
v 0.062450 -0.199000 0.468858
vn 0.000000 1.000000 0.000000
v 0.070422 -0.199000 0.467585
vn 0.000000 1.000000 0.000000
f 1111//1111 1112//1112 1113//1113
v 0.060895 -0.199000 0.465783
vn 0.000000 1.000000 0.000000
v 0.070422 -0.199000 0.467585
vn 0.000000 1.000000 0.000000
v 0.069022 -0.199000 0.465508
vn 0.000000 1.000000 0.000000
f 1114//1114 1115//1115 1116//1116
v 0.059750 -0.199000 0.462476
vn -0.000000 1.000000 0.000000
v 0.060895 -0.199000 0.465783
vn -0.000000 1.000000 0.000000
v 0.069022 -0.199000 0.465508
vn -0.000000 1.000000 0.000000
f 1117//1117 1118//1118 1119//1119
v 0.059750 -0.199000 0.462476
vn 0.000000 1.000000 0.000000
v 0.069022 -0.199000 0.465508
vn 0.000000 1.000000 0.000000
v 0.067896 -0.199000 0.463241
vn 0.000000 1.000000 0.000000
f 1120//1120 1121//1121 1122//1122
v 0.059750 -0.199000 0.462476
vn 0.000000 1.000000 0.000000
v 0.067896 -0.199000 0.463241
vn 0.000000 1.000000 0.000000
v 0.067065 -0.199000 0.460804
vn 0.000000 1.000000 0.000000
f 1123//1123 1124//1124 1125//1125
v 0.059042 -0.199000 0.458964
vn -0.000000 1.000000 0.000000
v 0.059750 -0.199000 0.462476
vn -0.000000 1.000000 0.000000
v 0.067065 -0.199000 0.460804
vn -0.000000 1.000000 0.000000
f 1126//1126 1127//1127 1128//1128
v 0.059042 -0.199000 0.458964
vn 0.000000 1.000000 0.000000
v 0.067065 -0.199000 0.460804
vn 0.000000 1.000000 0.000000
v 0.066551 -0.199000 0.458217
vn 0.000000 1.000000 0.000000
f 1129//1129 1130//1130 1131//1131
v 0.058800 -0.199000 0.455275
vn 0.000000 1.000000 0.000000
v 0.059042 -0.199000 0.458964
vn 0.000000 1.000000 0.000000
v 0.066551 -0.199000 0.458217
vn 0.000000 1.000000 0.000000
f 1132//1132 1133//1133 1134//1134
v 0.058800 -0.199000 0.455275
vn 0.000000 1.000000 0.000000
v 0.066551 -0.199000 0.458217
vn 0.000000 1.000000 0.000000
v 0.066375 -0.199000 0.455500
vn 0.000000 1.000000 0.000000
f 1135//1135 1136//1136 1137//1137
v 0.058800 -0.199000 0.455275
vn 0.000000 1.000000 0.000000
v 0.066375 -0.199000 0.455500
vn 0.000000 1.000000 0.000000
v 0.066550 -0.199000 0.452723
vn 0.000000 1.000000 0.000000
f 1138//1138 1139//1139 1140//1140
v 0.059036 -0.199000 0.451613
vn -0.000000 1.000000 0.000000
v 0.058800 -0.199000 0.455275
vn -0.000000 1.000000 0.000000
v 0.066550 -0.199000 0.452723
vn -0.000000 1.000000 0.000000
f 1141//1141 1142//1142 1143//1143
v 0.088350 -0.199000 0.448600
vn 0.000000 1.000000 0.000000
v 0.088350 -0.199000 0.455200
vn 0.000000 1.000000 0.000000
v 0.105525 -0.199000 0.455200
vn 0.000000 1.000000 0.000000
f 1144//1144 1145//1145 1146//1146
v 0.088350 -0.199000 0.448600
vn 0.000000 1.000000 0.000000
v 0.105525 -0.199000 0.455200
vn 0.000000 1.000000 0.000000
v 0.098175 -0.199000 0.448600
vn 0.000000 1.000000 0.000000
f 1147//1147 1148//1148 1149//1149
v 0.098175 -0.199000 0.448600
vn 0.000000 1.000000 0.000000
v 0.105525 -0.199000 0.455200
vn 0.000000 1.000000 0.000000
v 0.105525 -0.199000 0.433525
vn 0.000000 1.000000 0.000000
f 1150//1150 1151//1151 1152//1152
v 0.059036 -0.199000 0.451613
vn 0.000000 1.000000 0.000000
v 0.066550 -0.199000 0.452723
vn 0.000000 1.000000 0.000000
v 0.067065 -0.199000 0.450103
vn 0.000000 1.000000 0.000000
f 1153//1153 1154//1154 1155//1155
v 0.059728 -0.199000 0.448144
vn 0.000000 1.000000 0.000000
v 0.059036 -0.199000 0.451613
vn 0.000000 1.000000 0.000000
v 0.067065 -0.199000 0.450103
vn 0.000000 1.000000 0.000000
f 1156//1156 1157//1157 1158//1158
v 0.059728 -0.199000 0.448144
vn 0.000000 1.000000 0.000000
v 0.067065 -0.199000 0.450103
vn 0.000000 1.000000 0.000000
v 0.067901 -0.199000 0.447655
vn 0.000000 1.000000 0.000000
f 1159//1159 1160//1160 1161//1161
v 0.098175 -0.199000 0.438100
vn 0.000000 1.000000 0.000000
v 0.098175 -0.199000 0.448600
vn 0.000000 1.000000 0.000000
v 0.105525 -0.199000 0.433525
vn 0.000000 1.000000 0.000000
f 1162//1162 1163//1163 1164//1164
v 0.060850 -0.199000 0.444892
vn 0.000000 1.000000 0.000000
v 0.059728 -0.199000 0.448144
vn 0.000000 1.000000 0.000000
v 0.067901 -0.199000 0.447655
vn 0.000000 1.000000 0.000000
f 1165//1165 1166//1166 1167//1167
v 0.060850 -0.199000 0.444892
vn -0.000000 1.000000 0.000000
v 0.067901 -0.199000 0.447655
vn -0.000000 1.000000 0.000000
v 0.069042 -0.199000 0.445397
vn -0.000000 1.000000 0.000000
f 1168//1168 1169//1169 1170//1170
v 0.060850 -0.199000 0.444892
vn 0.000000 1.000000 0.000000
v 0.069042 -0.199000 0.445397
vn 0.000000 1.000000 0.000000
v 0.070470 -0.199000 0.443344
vn 0.000000 1.000000 0.000000
f 1171//1171 1172//1172 1173//1173
v 0.062375 -0.199000 0.441881
vn -0.000000 1.000000 0.000000
v 0.060850 -0.199000 0.444892
vn -0.000000 1.000000 0.000000
v 0.070470 -0.199000 0.443344
vn -0.000000 1.000000 0.000000
f 1174//1174 1175//1175 1176//1176
v 0.062375 -0.199000 0.441881
vn 0.000000 1.000000 0.000000
v 0.070470 -0.199000 0.443344
vn 0.000000 1.000000 0.000000
v 0.072169 -0.199000 0.441512
vn 0.000000 1.000000 0.000000
f 1177//1177 1178//1178 1179//1179
v 0.064279 -0.199000 0.439134
vn -0.000000 1.000000 0.000000
v 0.062375 -0.199000 0.441881
vn -0.000000 1.000000 0.000000
v 0.072169 -0.199000 0.441512
vn -0.000000 1.000000 0.000000
f 1180//1180 1181//1181 1182//1182
v 0.064279 -0.199000 0.439134
vn 0.000000 1.000000 0.000000
v 0.072169 -0.199000 0.441512
vn 0.000000 1.000000 0.000000
v 0.074121 -0.199000 0.439918
vn 0.000000 1.000000 0.000000
f 1183//1183 1184//1184 1185//1185
v 0.064279 -0.199000 0.439134
vn 0.000000 1.000000 0.000000
v 0.074121 -0.199000 0.439918
vn 0.000000 1.000000 0.000000
v 0.076308 -0.199000 0.438578
vn 0.000000 1.000000 0.000000
f 1186//1186 1187//1187 1188//1188
v 0.066534 -0.199000 0.436675
vn 0.000000 1.000000 0.000000
v 0.064279 -0.199000 0.439134
vn 0.000000 1.000000 0.000000
v 0.076308 -0.199000 0.438578
vn 0.000000 1.000000 0.000000
f 1189//1189 1190//1190 1191//1191
v 0.066534 -0.199000 0.436675
vn 0.000000 1.000000 0.000000
v 0.076308 -0.199000 0.438578
vn 0.000000 1.000000 0.000000
v 0.078715 -0.199000 0.437507
vn 0.000000 1.000000 0.000000
f 1192//1192 1193//1193 1194//1194
v 0.097292 -0.199000 0.437824
vn 0.000000 1.000000 0.000000
v 0.098175 -0.199000 0.438100
vn 0.000000 1.000000 0.000000
v 0.105525 -0.199000 0.433525
vn 0.000000 1.000000 0.000000
f 1195//1195 1196//1196 1197//1197
v 0.096405 -0.199000 0.437559
vn 0.000000 1.000000 0.000000
v 0.097292 -0.199000 0.437824
vn 0.000000 1.000000 0.000000
v 0.105525 -0.199000 0.433525
vn 0.000000 1.000000 0.000000
f 1198//1198 1199//1199 1200//1200
v 0.095513 -0.199000 0.437309
vn 0.000000 1.000000 0.000000
v 0.096405 -0.199000 0.437559
vn 0.000000 1.000000 0.000000
v 0.105525 -0.199000 0.433525
vn 0.000000 1.000000 0.000000
f 1201//1201 1202//1202 1203//1203
v 0.066534 -0.199000 0.436675
vn 0.000000 1.000000 0.000000
v 0.078715 -0.199000 0.437507
vn 0.000000 1.000000 0.000000
v 0.081323 -0.199000 0.436722
vn 0.000000 1.000000 0.000000
f 1204//1204 1205//1205 1206//1206
v 0.094614 -0.199000 0.437075
vn 0.000000 1.000000 0.000000
v 0.095513 -0.199000 0.437309
vn 0.000000 1.000000 0.000000
v 0.105525 -0.199000 0.433525
vn 0.000000 1.000000 0.000000
f 1207//1207 1208//1208 1209//1209
v 0.093708 -0.199000 0.436860
vn 0.000000 1.000000 0.000000
v 0.094614 -0.199000 0.437075
vn 0.000000 1.000000 0.000000
v 0.105525 -0.199000 0.433525
vn 0.000000 1.000000 0.000000
f 1210//1210 1211//1211 1212//1212
v 0.092794 -0.199000 0.436666
vn 0.000000 1.000000 0.000000
v 0.093708 -0.199000 0.436860
vn 0.000000 1.000000 0.000000
v 0.105525 -0.199000 0.433525
vn 0.000000 1.000000 0.000000
f 1213//1213 1214//1214 1215//1215
v 0.066534 -0.199000 0.436675
vn 0.000000 1.000000 0.000000
v 0.081323 -0.199000 0.436722
vn 0.000000 1.000000 0.000000
v 0.084115 -0.199000 0.436240
vn 0.000000 1.000000 0.000000
f 1216//1216 1217//1217 1218//1218
v 0.069117 -0.199000 0.434529
vn 0.000000 1.000000 0.000000
v 0.066534 -0.199000 0.436675
vn 0.000000 1.000000 0.000000
v 0.084115 -0.199000 0.436240
vn 0.000000 1.000000 0.000000
f 1219//1219 1220//1220 1221//1221
v 0.091870 -0.199000 0.436495
vn 0.000000 1.000000 0.000000
v 0.092794 -0.199000 0.436666
vn 0.000000 1.000000 0.000000
v 0.105525 -0.199000 0.433525
vn 0.000000 1.000000 0.000000
f 1222//1222 1223//1223 1224//1224
v 0.090936 -0.199000 0.436350
vn -0.000000 1.000000 0.000000
v 0.091870 -0.199000 0.436495
vn -0.000000 1.000000 0.000000
v 0.105525 -0.199000 0.433525
vn -0.000000 1.000000 0.000000
f 1225//1225 1226//1226 1227//1227
v 0.089991 -0.199000 0.436233
vn 0.000000 1.000000 0.000000
v 0.090936 -0.199000 0.436350
vn 0.000000 1.000000 0.000000
v 0.105525 -0.199000 0.433525
vn 0.000000 1.000000 0.000000
f 1228//1228 1229//1229 1230//1230
v 0.069117 -0.199000 0.434529
vn -0.000000 1.000000 0.000000
v 0.084115 -0.199000 0.436240
vn -0.000000 1.000000 0.000000
v 0.087075 -0.199000 0.436075
vn -0.000000 1.000000 0.000000
f 1231//1231 1232//1232 1233//1233
v 0.089033 -0.199000 0.436147
vn 0.000000 1.000000 0.000000
v 0.089991 -0.199000 0.436233
vn 0.000000 1.000000 0.000000
v 0.105525 -0.199000 0.433525
vn 0.000000 1.000000 0.000000
f 1234//1234 1235//1235 1236//1236
v 0.088061 -0.199000 0.436093
vn 0.000000 1.000000 0.000000
v 0.089033 -0.199000 0.436147
vn 0.000000 1.000000 0.000000
v 0.105525 -0.199000 0.433525
vn 0.000000 1.000000 0.000000
f 1237//1237 1238//1238 1239//1239
v 0.087075 -0.199000 0.436075
vn 0.000000 1.000000 0.000000
v 0.088061 -0.199000 0.436093
vn 0.000000 1.000000 0.000000
v 0.105525 -0.199000 0.433525
vn 0.000000 1.000000 0.000000
f 1240//1240 1241//1241 1242//1242
v 0.069117 -0.199000 0.434529
vn 0.000000 1.000000 0.000000
v 0.087075 -0.199000 0.436075
vn 0.000000 1.000000 0.000000
v 0.105525 -0.199000 0.433525
vn 0.000000 1.000000 0.000000
f 1243//1243 1244//1244 1245//1245
v 0.072000 -0.199000 0.432719
vn 0.000000 1.000000 0.000000
v 0.069117 -0.199000 0.434529
vn 0.000000 1.000000 0.000000
v 0.105525 -0.199000 0.433525
vn 0.000000 1.000000 0.000000
f 1246//1246 1247//1247 1248//1248
v 0.072000 -0.199000 0.432719
vn -0.000000 1.000000 0.000000
v 0.105525 -0.199000 0.433525
vn -0.000000 1.000000 0.000000
v 0.103844 -0.199000 0.432812
vn -0.000000 1.000000 0.000000
f 1249//1249 1250//1250 1251//1251
v 0.072000 -0.199000 0.432719
vn 0.000000 1.000000 0.000000
v 0.103844 -0.199000 0.432812
vn 0.000000 1.000000 0.000000
v 0.102206 -0.199000 0.432172
vn 0.000000 1.000000 0.000000
f 1252//1252 1253//1253 1254//1254
v 0.075158 -0.199000 0.431270
vn -0.000000 1.000000 0.000000
v 0.072000 -0.199000 0.432719
vn -0.000000 1.000000 0.000000
v 0.102206 -0.199000 0.432172
vn -0.000000 1.000000 0.000000
f 1255//1255 1256//1256 1257//1257
v 0.075158 -0.199000 0.431270
vn 0.000000 1.000000 0.000000
v 0.102206 -0.199000 0.432172
vn 0.000000 1.000000 0.000000
v 0.100601 -0.199000 0.431603
vn 0.000000 1.000000 0.000000
f 1258//1258 1259//1259 1260//1260
v 0.075158 -0.199000 0.431270
vn 0.000000 1.000000 0.000000
v 0.100601 -0.199000 0.431603
vn 0.000000 1.000000 0.000000
v 0.099019 -0.199000 0.431103
vn 0.000000 1.000000 0.000000
f 1261//1261 1262//1262 1263//1263
v 0.078566 -0.199000 0.430206
vn 0.000000 1.000000 0.000000
v 0.075158 -0.199000 0.431270
vn 0.000000 1.000000 0.000000
v 0.099019 -0.199000 0.431103
vn 0.000000 1.000000 0.000000
f 1264//1264 1265//1265 1266//1266
v 0.078566 -0.199000 0.430206
vn 0.000000 1.000000 0.000000
v 0.099019 -0.199000 0.431103
vn 0.000000 1.000000 0.000000
v 0.097452 -0.199000 0.430669
vn 0.000000 1.000000 0.000000
f 1267//1267 1268//1268 1269//1269
v 0.078566 -0.199000 0.430206
vn 0.000000 1.000000 0.000000
v 0.097452 -0.199000 0.430669
vn 0.000000 1.000000 0.000000
v 0.095888 -0.199000 0.430300
vn 0.000000 1.000000 0.000000
f 1270//1270 1271//1271 1272//1272
v 0.078566 -0.199000 0.430206
vn 0.000000 1.000000 0.000000
v 0.095888 -0.199000 0.430300
vn 0.000000 1.000000 0.000000
v 0.094317 -0.199000 0.429993
vn 0.000000 1.000000 0.000000
f 1273//1273 1274//1274 1275//1275
v 0.082197 -0.199000 0.429549
vn -0.000000 1.000000 0.000000
v 0.078566 -0.199000 0.430206
vn -0.000000 1.000000 0.000000
v 0.094317 -0.199000 0.429993
vn -0.000000 1.000000 0.000000
f 1276//1276 1277//1277 1278//1278
v 0.082197 -0.199000 0.429549
vn 0.000000 1.000000 0.000000
v 0.094317 -0.199000 0.429993
vn 0.000000 1.000000 0.000000
v 0.092731 -0.199000 0.429747
vn 0.000000 1.000000 0.000000
f 1279//1279 1280//1280 1281//1281
v 0.082197 -0.199000 0.429549
vn 0.000000 1.000000 0.000000
v 0.092731 -0.199000 0.429747
vn 0.000000 1.000000 0.000000
v 0.091118 -0.199000 0.429559
vn 0.000000 1.000000 0.000000
f 1282//1282 1283//1283 1284//1284
v 0.082197 -0.199000 0.429549
vn 0.000000 1.000000 0.000000
v 0.091118 -0.199000 0.429559
vn 0.000000 1.000000 0.000000
v 0.089469 -0.199000 0.429428
vn 0.000000 1.000000 0.000000
f 1285//1285 1286//1286 1287//1287
v 0.086025 -0.199000 0.429325
vn 0.000000 1.000000 0.000000
v 0.082197 -0.199000 0.429549
vn 0.000000 1.000000 0.000000
v 0.089469 -0.199000 0.429428
vn 0.000000 1.000000 0.000000
f 1288//1288 1289//1289 1290//1290
v 0.086025 -0.199000 0.429325
vn 0.000000 1.000000 0.000000
v 0.089469 -0.199000 0.429428
vn 0.000000 1.000000 0.000000
v 0.087775 -0.199000 0.429350
vn 0.000000 1.000000 0.000000
f 1291//1291 1292//1292 1293//1293
v 0.015525 -0.199000 0.430000
vn -0.000000 1.000000 0.000000
v 0.015525 -0.199000 0.481150
vn -0.000000 1.000000 0.000000
v 0.022875 -0.199000 0.474850
vn -0.000000 1.000000 0.000000
f 1294//1294 1295//1295 1296//1296
v 0.022875 -0.199000 0.474850
vn 0.000000 1.000000 0.000000
v 0.015525 -0.199000 0.481150
vn 0.000000 1.000000 0.000000
v 0.028425 -0.199000 0.481150
vn 0.000000 1.000000 0.000000
f 1297//1297 1298//1298 1299//1299
v 0.022875 -0.199000 0.474850
vn 0.000000 1.000000 0.000000
v 0.028425 -0.199000 0.481150
vn 0.000000 1.000000 0.000000
v 0.030930 -0.199000 0.481037
vn 0.000000 1.000000 0.000000
f 1300//1300 1301//1301 1302//1302
v 0.022875 -0.199000 0.474850
vn 0.000000 1.000000 0.000000
v 0.030930 -0.199000 0.481037
vn 0.000000 1.000000 0.000000
v 0.033263 -0.199000 0.480704
vn 0.000000 1.000000 0.000000
f 1303//1303 1304//1304 1305//1305
v 0.022875 -0.199000 0.474850
vn -0.000000 1.000000 0.000000
v 0.033263 -0.199000 0.480704
vn -0.000000 1.000000 0.000000
v 0.035416 -0.199000 0.480156
vn -0.000000 1.000000 0.000000
f 1306//1306 1307//1307 1308//1308
v 0.022875 -0.199000 0.474850
vn 0.000000 1.000000 0.000000
v 0.035416 -0.199000 0.480156
vn 0.000000 1.000000 0.000000
v 0.037381 -0.199000 0.479403
vn 0.000000 1.000000 0.000000
f 1309//1309 1310//1310 1311//1311
v 0.022875 -0.199000 0.474850
vn 0.000000 1.000000 0.000000
v 0.037381 -0.199000 0.479403
vn 0.000000 1.000000 0.000000
v 0.039147 -0.199000 0.478450
vn 0.000000 1.000000 0.000000
f 1312//1312 1313//1313 1314//1314
v 0.022875 -0.199000 0.474850
vn 0.000000 1.000000 0.000000
v 0.039147 -0.199000 0.478450
vn 0.000000 1.000000 0.000000
v 0.040706 -0.199000 0.477306
vn 0.000000 1.000000 0.000000
f 1315//1315 1316//1316 1317//1317
v 0.022875 -0.199000 0.474850
vn 0.000000 1.000000 0.000000
v 0.040706 -0.199000 0.477306
vn 0.000000 1.000000 0.000000
v 0.042050 -0.199000 0.475978
vn 0.000000 1.000000 0.000000
f 1318//1318 1319//1319 1320//1320
v 0.022875 -0.199000 0.474850
vn 0.000000 1.000000 0.000000
v 0.042050 -0.199000 0.475978
vn 0.000000 1.000000 0.000000
v 0.027600 -0.199000 0.474850
vn 0.000000 1.000000 0.000000
f 1321//1321 1322//1322 1323//1323
v 0.027600 -0.199000 0.474850
vn 0.000000 1.000000 0.000000
v 0.042050 -0.199000 0.475978
vn 0.000000 1.000000 0.000000
v 0.043169 -0.199000 0.474472
vn 0.000000 1.000000 0.000000
f 1324//1324 1325//1325 1326//1326
v 0.015525 -0.199000 0.430000
vn 0.000000 1.000000 0.000000
v 0.022875 -0.199000 0.474850
vn 0.000000 1.000000 0.000000
v 0.022875 -0.199000 0.458800
vn 0.000000 1.000000 0.000000
f 1327//1327 1328//1328 1329//1329
v 0.029293 -0.199000 0.474790
vn 0.000000 1.000000 0.000000
v 0.027600 -0.199000 0.474850
vn 0.000000 1.000000 0.000000
v 0.043169 -0.199000 0.474472
vn 0.000000 1.000000 0.000000
f 1330//1330 1331//1331 1332//1332
v 0.030813 -0.199000 0.474611
vn 0.000000 1.000000 0.000000
v 0.029293 -0.199000 0.474790
vn 0.000000 1.000000 0.000000
v 0.043169 -0.199000 0.474472
vn 0.000000 1.000000 0.000000
f 1333//1333 1334//1334 1335//1335
v 0.032166 -0.199000 0.474318
vn 0.000000 1.000000 0.000000
v 0.030813 -0.199000 0.474611
vn 0.000000 1.000000 0.000000
v 0.043169 -0.199000 0.474472
vn 0.000000 1.000000 0.000000
f 1336//1336 1337//1337 1338//1338
v 0.032166 -0.199000 0.474318
vn 0.000000 1.000000 0.000000
v 0.043169 -0.199000 0.474472
vn 0.000000 1.000000 0.000000
v 0.044055 -0.199000 0.472797
vn 0.000000 1.000000 0.000000
f 1339//1339 1340//1340 1341//1341
v 0.033356 -0.199000 0.473914
vn -0.000000 1.000000 0.000000
v 0.032166 -0.199000 0.474318
vn -0.000000 1.000000 0.000000
v 0.044055 -0.199000 0.472797
vn -0.000000 1.000000 0.000000
f 1342//1342 1343//1343 1344//1344
v 0.034388 -0.199000 0.473403
vn 0.000000 1.000000 0.000000
v 0.033356 -0.199000 0.473914
vn 0.000000 1.000000 0.000000
v 0.044055 -0.199000 0.472797
vn 0.000000 1.000000 0.000000
f 1345//1345 1346//1346 1347//1347
v 0.035269 -0.199000 0.472787
vn 0.000000 1.000000 0.000000
v 0.034388 -0.199000 0.473403
vn 0.000000 1.000000 0.000000
v 0.044055 -0.199000 0.472797
vn 0.000000 1.000000 0.000000
f 1348//1348 1349//1349 1350//1350
v 0.035269 -0.199000 0.472787
vn 0.000000 1.000000 0.000000
v 0.044055 -0.199000 0.472797
vn 0.000000 1.000000 0.000000
v 0.044699 -0.199000 0.470959
vn 0.000000 1.000000 0.000000
f 1351//1351 1352//1352 1353//1353
v 0.036002 -0.199000 0.472072
vn 0.000000 1.000000 0.000000
v 0.035269 -0.199000 0.472787
vn 0.000000 1.000000 0.000000
v 0.044699 -0.199000 0.470959
vn 0.000000 1.000000 0.000000
f 1354//1354 1355//1355 1356//1356
v 0.036594 -0.199000 0.471261
vn 0.000000 1.000000 0.000000
v 0.036002 -0.199000 0.472072
vn 0.000000 1.000000 0.000000
v 0.044699 -0.199000 0.470959
vn 0.000000 1.000000 0.000000
f 1357//1357 1358//1358 1359//1359
v 0.037050 -0.199000 0.470357
vn 0.000000 1.000000 0.000000
v 0.036594 -0.199000 0.471261
vn 0.000000 1.000000 0.000000
v 0.044699 -0.199000 0.470959
vn 0.000000 1.000000 0.000000
f 1360//1360 1361//1361 1362//1362
v 0.037050 -0.199000 0.470357
vn 0.000000 1.000000 0.000000
v 0.044699 -0.199000 0.470959
vn 0.000000 1.000000 0.000000
v 0.045092 -0.199000 0.468966
vn 0.000000 1.000000 0.000000
f 1363//1363 1364//1364 1365//1365
v 0.037374 -0.199000 0.469364
vn -0.000000 1.000000 0.000000
v 0.037050 -0.199000 0.470357
vn -0.000000 1.000000 0.000000
v 0.045092 -0.199000 0.468966
vn -0.000000 1.000000 0.000000
f 1366//1366 1367//1367 1368//1368
v 0.037573 -0.199000 0.468285
vn 0.000000 1.000000 0.000000
v 0.037374 -0.199000 0.469364
vn 0.000000 1.000000 0.000000
v 0.045092 -0.199000 0.468966
vn 0.000000 1.000000 0.000000
f 1369//1369 1370//1370 1371//1371
v 0.037573 -0.199000 0.468285
vn 0.000000 1.000000 0.000000
v 0.045092 -0.199000 0.468966
vn 0.000000 1.000000 0.000000
v 0.045225 -0.199000 0.466825
vn 0.000000 1.000000 0.000000
f 1372//1372 1373//1373 1374//1374
v 0.037650 -0.199000 0.467125
vn 0.000000 1.000000 0.000000
v 0.037573 -0.199000 0.468285
vn 0.000000 1.000000 0.000000
v 0.045225 -0.199000 0.466825
vn 0.000000 1.000000 0.000000
f 1375//1375 1376//1376 1377//1377
v 0.037618 -0.199000 0.466063
vn 0.000000 1.000000 0.000000
v 0.037650 -0.199000 0.467125
vn 0.000000 1.000000 0.000000
v 0.045225 -0.199000 0.466825
vn 0.000000 1.000000 0.000000
f 1378//1378 1379//1379 1380//1380
v 0.037618 -0.199000 0.466063
vn 0.000000 1.000000 0.000000
v 0.045225 -0.199000 0.466825
vn 0.000000 1.000000 0.000000
v 0.045161 -0.199000 0.465375
vn 0.000000 1.000000 0.000000
f 1381//1381 1382//1382 1383//1383
v 0.037478 -0.199000 0.465024
vn 0.000000 1.000000 0.000000
v 0.037618 -0.199000 0.466063
vn 0.000000 1.000000 0.000000
v 0.045161 -0.199000 0.465375
vn 0.000000 1.000000 0.000000
f 1384//1384 1385//1385 1386//1386
v 0.037478 -0.199000 0.465024
vn 0.000000 1.000000 0.000000
v 0.045161 -0.199000 0.465375
vn 0.000000 1.000000 0.000000
v 0.044972 -0.199000 0.463991
vn 0.000000 1.000000 0.000000
f 1387//1387 1388//1388 1389//1389
v 0.037219 -0.199000 0.464021
vn 0.000000 1.000000 0.000000
v 0.037478 -0.199000 0.465024
vn 0.000000 1.000000 0.000000
v 0.044972 -0.199000 0.463991
vn 0.000000 1.000000 0.000000
f 1390//1390 1391//1391 1392//1392
v 0.036828 -0.199000 0.463067
vn 0.000000 1.000000 0.000000
v 0.037219 -0.199000 0.464021
vn 0.000000 1.000000 0.000000
v 0.044972 -0.199000 0.463991
vn 0.000000 1.000000 0.000000
f 1393//1393 1394//1394 1395//1395
v 0.036828 -0.199000 0.463067
vn 0.000000 1.000000 0.000000
v 0.044972 -0.199000 0.463991
vn 0.000000 1.000000 0.000000
v 0.044659 -0.199000 0.462674
vn 0.000000 1.000000 0.000000
f 1396//1396 1397//1397 1398//1398
v 0.036294 -0.199000 0.462175
vn -0.000000 1.000000 0.000000
v 0.036828 -0.199000 0.463067
vn -0.000000 1.000000 0.000000
v 0.044659 -0.199000 0.462674
vn -0.000000 1.000000 0.000000
f 1399//1399 1400//1400 1401//1401
v 0.036294 -0.199000 0.462175
vn 0.000000 1.000000 0.000000
v 0.044659 -0.199000 0.462674
vn 0.000000 1.000000 0.000000
v 0.044225 -0.199000 0.461428
vn 0.000000 1.000000 0.000000
f 1402//1402 1403//1403 1404//1404
v 0.035606 -0.199000 0.461359
vn 0.000000 1.000000 0.000000
v 0.036294 -0.199000 0.462175
vn 0.000000 1.000000 0.000000
v 0.044225 -0.199000 0.461428
vn 0.000000 1.000000 0.000000
f 1405//1405 1406//1406 1407//1407
v 0.035606 -0.199000 0.461359
vn 0.000000 1.000000 0.000000
v 0.044225 -0.199000 0.461428
vn 0.000000 1.000000 0.000000
v 0.043672 -0.199000 0.460254
vn 0.000000 1.000000 0.000000
f 1408//1408 1409//1409 1410//1410
v 0.034753 -0.199000 0.460633
vn 0.000000 1.000000 0.000000
v 0.035606 -0.199000 0.461359
vn 0.000000 1.000000 0.000000
v 0.043672 -0.199000 0.460254
vn 0.000000 1.000000 0.000000
f 1411//1411 1412//1412 1413//1413
v 0.033722 -0.199000 0.460008
vn -0.000000 1.000000 0.000000
v 0.034753 -0.199000 0.460633
vn -0.000000 1.000000 0.000000
v 0.043672 -0.199000 0.460254
vn -0.000000 1.000000 0.000000
f 1414//1414 1415//1415 1416//1416
v 0.033722 -0.199000 0.460008
vn 0.000000 1.000000 0.000000
v 0.043672 -0.199000 0.460254
vn 0.000000 1.000000 0.000000
v 0.043003 -0.199000 0.459156
vn 0.000000 1.000000 0.000000
f 1417//1417 1418//1418 1419//1419
v 0.032503 -0.199000 0.459500
vn 0.000000 1.000000 0.000000
v 0.033722 -0.199000 0.460008
vn 0.000000 1.000000 0.000000
v 0.043003 -0.199000 0.459156
vn 0.000000 1.000000 0.000000
f 1420//1420 1421//1421 1422//1422
v 0.031084 -0.199000 0.459120
vn 0.000000 1.000000 0.000000
v 0.032503 -0.199000 0.459500
vn 0.000000 1.000000 0.000000
v 0.043003 -0.199000 0.459156
vn 0.000000 1.000000 0.000000
f 1423//1423 1424//1424 1425//1425
v 0.031084 -0.199000 0.459120
vn 0.000000 1.000000 0.000000
v 0.043003 -0.199000 0.459156
vn 0.000000 1.000000 0.000000
v 0.042220 -0.199000 0.458136
vn 0.000000 1.000000 0.000000
f 1426//1426 1427//1427 1428//1428
v 0.029453 -0.199000 0.458882
vn 0.000000 1.000000 0.000000
v 0.031084 -0.199000 0.459120
vn 0.000000 1.000000 0.000000
v 0.042220 -0.199000 0.458136
vn 0.000000 1.000000 0.000000
f 1429//1429 1430//1430 1431//1431
v 0.027600 -0.199000 0.458800
vn 0.000000 1.000000 0.000000
v 0.029453 -0.199000 0.458882
vn 0.000000 1.000000 0.000000
v 0.042220 -0.199000 0.458136
vn 0.000000 1.000000 0.000000
f 1432//1432 1433//1433 1434//1434
v 0.015525 -0.199000 0.430000
vn 0.000000 1.000000 0.000000
v 0.022875 -0.199000 0.458800
vn 0.000000 1.000000 0.000000
v 0.022875 -0.199000 0.452200
vn 0.000000 1.000000 0.000000
f 1435//1435 1436//1436 1437//1437
v 0.022875 -0.199000 0.452200
vn 0.000000 1.000000 0.000000
v 0.022875 -0.199000 0.458800
vn 0.000000 1.000000 0.000000
v 0.027600 -0.199000 0.458800
vn 0.000000 1.000000 0.000000
f 1438//1438 1439//1439 1440//1440
v 0.022875 -0.199000 0.452200
vn -0.000000 1.000000 0.000000
v 0.027600 -0.199000 0.458800
vn -0.000000 1.000000 0.000000
v 0.042220 -0.199000 0.458136
vn -0.000000 1.000000 0.000000
f 1441//1441 1442//1442 1443//1443
v 0.022875 -0.199000 0.452200
vn 0.000000 1.000000 0.000000
v 0.042220 -0.199000 0.458136
vn 0.000000 1.000000 0.000000
v 0.041325 -0.199000 0.457197
vn 0.000000 1.000000 0.000000
f 1444//1444 1445//1445 1446//1446
v 0.022875 -0.199000 0.452200
vn -0.000000 1.000000 0.000000
v 0.041325 -0.199000 0.457197
vn -0.000000 1.000000 0.000000
v 0.040321 -0.199000 0.456341
vn -0.000000 1.000000 0.000000
f 1447//1447 1448//1448 1449//1449
v 0.022875 -0.199000 0.452200
vn 0.000000 1.000000 0.000000
v 0.040321 -0.199000 0.456341
vn 0.000000 1.000000 0.000000
v 0.039209 -0.199000 0.455572
vn 0.000000 1.000000 0.000000
f 1450//1450 1451//1451 1452//1452
v 0.022875 -0.199000 0.452200
vn 0.000000 1.000000 0.000000
v 0.039209 -0.199000 0.455572
vn 0.000000 1.000000 0.000000
v 0.037993 -0.199000 0.454890
vn 0.000000 1.000000 0.000000
f 1453//1453 1454//1454 1455//1455
v 0.022875 -0.199000 0.452200
vn -0.000000 1.000000 0.000000
v 0.037993 -0.199000 0.454890
vn -0.000000 1.000000 0.000000
v 0.036675 -0.199000 0.454300
vn -0.000000 1.000000 0.000000
f 1456//1456 1457//1457 1458//1458
v 0.022875 -0.199000 0.452200
vn 0.000000 1.000000 0.000000
v 0.036675 -0.199000 0.454300
vn 0.000000 1.000000 0.000000
v 0.037802 -0.199000 0.453497
vn 0.000000 1.000000 0.000000
f 1459//1459 1460//1460 1461//1461
v 0.022875 -0.199000 0.452200
vn -0.000000 1.000000 0.000000
v 0.037802 -0.199000 0.453497
vn -0.000000 1.000000 0.000000
v 0.038863 -0.199000 0.452625
vn -0.000000 1.000000 0.000000
f 1462//1462 1463//1463 1464//1464
v 0.022875 -0.199000 0.452200
vn 0.000000 1.000000 0.000000
v 0.038863 -0.199000 0.452625
vn 0.000000 1.000000 0.000000
v 0.025950 -0.199000 0.452200
vn 0.000000 1.000000 0.000000
f 1465//1465 1466//1466 1467//1467
v 0.025950 -0.199000 0.452200
vn 0.000000 1.000000 0.000000
v 0.038863 -0.199000 0.452625
vn 0.000000 1.000000 0.000000
v 0.026876 -0.199000 0.452170
vn 0.000000 1.000000 0.000000
f 1468//1468 1469//1469 1470//1470
v 0.026876 -0.199000 0.452170
vn 0.000000 1.000000 0.000000
v 0.038863 -0.199000 0.452625
vn 0.000000 1.000000 0.000000
v 0.039870 -0.199000 0.451684
vn 0.000000 1.000000 0.000000
f 1471//1471 1472//1472 1473//1473
v 0.015525 -0.199000 0.430000
vn 0.000000 1.000000 0.000000
v 0.022875 -0.199000 0.452200
vn 0.000000 1.000000 0.000000
v 0.022875 -0.199000 0.430000
vn 0.000000 1.000000 0.000000
f 1474//1474 1475//1475 1476//1476
v 0.027789 -0.199000 0.452063
vn 0.000000 1.000000 0.000000
v 0.026876 -0.199000 0.452170
vn 0.000000 1.000000 0.000000
v 0.039870 -0.199000 0.451684
vn 0.000000 1.000000 0.000000
f 1477//1477 1478//1478 1479//1479
v 0.028704 -0.199000 0.451848
vn -0.000000 1.000000 0.000000
v 0.027789 -0.199000 0.452063
vn -0.000000 1.000000 0.000000
v 0.039870 -0.199000 0.451684
vn -0.000000 1.000000 0.000000
f 1480//1480 1481//1481 1482//1482
v 0.029636 -0.199000 0.451500
vn 0.000000 1.000000 0.000000
v 0.028704 -0.199000 0.451848
vn 0.000000 1.000000 0.000000
v 0.039870 -0.199000 0.451684
vn 0.000000 1.000000 0.000000
f 1483//1483 1484//1484 1485//1485
v 0.029636 -0.199000 0.451500
vn 0.000000 1.000000 0.000000
v 0.039870 -0.199000 0.451684
vn 0.000000 1.000000 0.000000
v 0.040831 -0.199000 0.450675
vn 0.000000 1.000000 0.000000
f 1486//1486 1487//1487 1488//1488
v 0.030601 -0.199000 0.450989
vn 0.000000 1.000000 0.000000
v 0.029636 -0.199000 0.451500
vn 0.000000 1.000000 0.000000
v 0.040831 -0.199000 0.450675
vn 0.000000 1.000000 0.000000
f 1489//1489 1490//1490 1491//1491
v 0.031613 -0.199000 0.450288
vn 0.000000 1.000000 0.000000
v 0.030601 -0.199000 0.450989
vn 0.000000 1.000000 0.000000
v 0.040831 -0.199000 0.450675
vn 0.000000 1.000000 0.000000
f 1492//1492 1493//1493 1494//1494
v 0.031613 -0.199000 0.450288
vn 0.000000 1.000000 0.000000
v 0.040831 -0.199000 0.450675
vn 0.000000 1.000000 0.000000
v 0.041756 -0.199000 0.449597
vn 0.000000 1.000000 0.000000
f 1495//1495 1496//1496 1497//1497
v 0.032687 -0.199000 0.449367
vn 0.000000 1.000000 0.000000
v 0.031613 -0.199000 0.450288
vn 0.000000 1.000000 0.000000
v 0.041756 -0.199000 0.449597
vn 0.000000 1.000000 0.000000
f 1498//1498 1499//1499 1500//1500
v 0.032687 -0.199000 0.449367
vn 0.000000 1.000000 0.000000
v 0.041756 -0.199000 0.449597
vn 0.000000 1.000000 0.000000
v 0.042656 -0.199000 0.448450
vn 0.000000 1.000000 0.000000
f 1501//1501 1502//1502 1503//1503
v 0.033839 -0.199000 0.448200
vn 0.000000 1.000000 0.000000
v 0.032687 -0.199000 0.449367
vn 0.000000 1.000000 0.000000
v 0.042656 -0.199000 0.448450
vn 0.000000 1.000000 0.000000
f 1504//1504 1505//1505 1506//1506
v 0.033839 -0.199000 0.448200
vn 0.000000 1.000000 0.000000
v 0.042656 -0.199000 0.448450
vn 0.000000 1.000000 0.000000
v 0.043541 -0.199000 0.447234
vn 0.000000 1.000000 0.000000
f 1507//1507 1508//1508 1509//1509
v 0.035084 -0.199000 0.446758
vn 0.000000 1.000000 0.000000
v 0.033839 -0.199000 0.448200
vn 0.000000 1.000000 0.000000
v 0.043541 -0.199000 0.447234
vn 0.000000 1.000000 0.000000
f 1510//1510 1511//1511 1512//1512
v 0.035084 -0.199000 0.446758
vn 0.000000 1.000000 0.000000
v 0.043541 -0.199000 0.447234
vn 0.000000 1.000000 0.000000
v 0.044419 -0.199000 0.445950
vn 0.000000 1.000000 0.000000
f 1513//1513 1514//1514 1515//1515
v 0.036436 -0.199000 0.445013
vn 0.000000 1.000000 0.000000
v 0.035084 -0.199000 0.446758
vn 0.000000 1.000000 0.000000
v 0.044419 -0.199000 0.445950
vn 0.000000 1.000000 0.000000
f 1516//1516 1517//1517 1518//1518
v 0.036436 -0.199000 0.445013
vn 0.000000 1.000000 0.000000
v 0.044419 -0.199000 0.445950
vn 0.000000 1.000000 0.000000
v 0.045302 -0.199000 0.444597
vn 0.000000 1.000000 0.000000
f 1519//1519 1520//1520 1521//1521
v 0.037912 -0.199000 0.442936
vn -0.000000 1.000000 0.000000
v 0.036436 -0.199000 0.445013
vn -0.000000 1.000000 0.000000
v 0.045302 -0.199000 0.444597
vn -0.000000 1.000000 0.000000
f 1522//1522 1523//1523 1524//1524
v 0.037912 -0.199000 0.442936
vn 0.000000 1.000000 0.000000
v 0.045302 -0.199000 0.444597
vn 0.000000 1.000000 0.000000
v 0.046199 -0.199000 0.443175
vn 0.000000 1.000000 0.000000
f 1525//1525 1526//1526 1527//1527
v 0.037912 -0.199000 0.442936
vn -0.000000 1.000000 0.000000
v 0.046199 -0.199000 0.443175
vn -0.000000 1.000000 0.000000
v 0.047120 -0.199000 0.441684
vn -0.000000 1.000000 0.000000
f 1528//1528 1529//1529 1530//1530
v 0.039525 -0.199000 0.440500
vn 0.000000 1.000000 0.000000
v 0.037912 -0.199000 0.442936
vn 0.000000 1.000000 0.000000
v 0.047120 -0.199000 0.441684
vn 0.000000 1.000000 0.000000
f 1531//1531 1532//1532 1533//1533
v 0.039525 -0.199000 0.440500
vn 0.000000 1.000000 0.000000
v 0.047120 -0.199000 0.441684
vn 0.000000 1.000000 0.000000
v 0.048075 -0.199000 0.440125
vn 0.000000 1.000000 0.000000
f 1534//1534 1535//1535 1536//1536
v 0.046275 -0.199000 0.430000
vn 0.000000 1.000000 0.000000
v 0.039525 -0.199000 0.440500
vn 0.000000 1.000000 0.000000
v 0.048075 -0.199000 0.440125
vn 0.000000 1.000000 0.000000
f 1537//1537 1538//1538 1539//1539
v 0.046275 -0.199000 0.430000
vn -0.000000 1.000000 0.000000
v 0.048075 -0.199000 0.440125
vn -0.000000 1.000000 0.000000
v 0.048602 -0.199000 0.439278
vn -0.000000 1.000000 0.000000
f 1540//1540 1541//1541 1542//1542
v 0.046275 -0.199000 0.430000
vn 0.000000 1.000000 0.000000
v 0.048602 -0.199000 0.439278
vn 0.000000 1.000000 0.000000
v 0.049102 -0.199000 0.438490
vn 0.000000 1.000000 0.000000
f 1543//1543 1544//1544 1545//1545
v 0.046275 -0.199000 0.430000
vn 0.000000 1.000000 0.000000
v 0.049102 -0.199000 0.438490
vn 0.000000 1.000000 0.000000
v 0.049587 -0.199000 0.437741
vn 0.000000 1.000000 0.000000
f 1546//1546 1547//1547 1548//1548
v 0.046275 -0.199000 0.430000
vn -0.000000 1.000000 0.000000
v 0.049587 -0.199000 0.437741
vn -0.000000 1.000000 0.000000
v 0.050067 -0.199000 0.437017
vn -0.000000 1.000000 0.000000
f 1549//1549 1550//1550 1551//1551
v 0.046275 -0.199000 0.430000
vn 0.000000 1.000000 0.000000
v 0.050067 -0.199000 0.437017
vn 0.000000 1.000000 0.000000
v 0.050553 -0.199000 0.436298
vn 0.000000 1.000000 0.000000
f 1552//1552 1553//1553 1554//1554
v 0.046275 -0.199000 0.430000
vn -0.000000 1.000000 0.000000
v 0.050553 -0.199000 0.436298
vn -0.000000 1.000000 0.000000
v 0.051056 -0.199000 0.435569
vn -0.000000 1.000000 0.000000
f 1555//1555 1556//1556 1557//1557
v 0.046275 -0.199000 0.430000
vn 0.000000 1.000000 0.000000
v 0.051056 -0.199000 0.435569
vn 0.000000 1.000000 0.000000
v 0.051588 -0.199000 0.434811
vn 0.000000 1.000000 0.000000
f 1558//1558 1559//1559 1560//1560
v 0.046275 -0.199000 0.430000
vn 0.000000 1.000000 0.000000
v 0.051588 -0.199000 0.434811
vn 0.000000 1.000000 0.000000
v 0.052158 -0.199000 0.434008
vn 0.000000 1.000000 0.000000
f 1561//1561 1562//1562 1563//1563
v 0.046275 -0.199000 0.430000
vn -0.000000 1.000000 0.000000
v 0.052158 -0.199000 0.434008
vn -0.000000 1.000000 0.000000
v 0.052779 -0.199000 0.433143
vn -0.000000 1.000000 0.000000
f 1564//1564 1565//1565 1566//1566
v 0.046275 -0.199000 0.430000
vn -0.000000 1.000000 0.000000
v 0.052779 -0.199000 0.433143
vn -0.000000 1.000000 0.000000
v 0.053460 -0.199000 0.432198
vn -0.000000 1.000000 0.000000
f 1567//1567 1568//1568 1569//1569
v 0.046275 -0.199000 0.430000
vn -0.000000 1.000000 0.000000
v 0.053460 -0.199000 0.432198
vn -0.000000 1.000000 0.000000
v 0.054214 -0.199000 0.431156
vn -0.000000 1.000000 0.000000
f 1570//1570 1571//1571 1572//1572
v 0.046275 -0.199000 0.430000
vn 0.000000 1.000000 0.000000
v 0.054214 -0.199000 0.431156
vn 0.000000 1.000000 0.000000
v 0.055050 -0.199000 0.430000
vn 0.000000 1.000000 0.000000
f 1573//1573 1574//1574 1575//1575
v -0.040275 -0.199000 0.430000
vn 0.000000 1.000000 0.000000
v -0.018300 -0.199000 0.481450
vn 0.000000 1.000000 0.000000
v -0.013125 -0.199000 0.481450
vn 0.000000 1.000000 0.000000
f 1576//1576 1577//1577 1578//1578
v -0.040275 -0.199000 0.430000
vn 0.000000 1.000000 0.000000
v -0.013125 -0.199000 0.481450
vn 0.000000 1.000000 0.000000
v -0.015825 -0.199000 0.470200
vn 0.000000 1.000000 0.000000
f 1579//1579 1580//1580 1581//1581
v -0.015825 -0.199000 0.470200
vn 0.000000 1.000000 0.000000
v -0.013125 -0.199000 0.481450
vn 0.000000 1.000000 0.000000
v 0.009750 -0.199000 0.430000
vn 0.000000 1.000000 0.000000
f 1582//1582 1583//1583 1584//1584
v -0.040275 -0.199000 0.430000
vn 0.000000 1.000000 0.000000
v -0.015825 -0.199000 0.470200
vn 0.000000 1.000000 0.000000
v -0.023475 -0.199000 0.451675
vn 0.000000 1.000000 0.000000
f 1585//1585 1586//1586 1587//1587
v -0.007575 -0.199000 0.451675
vn 0.000000 1.000000 0.000000
v -0.015825 -0.199000 0.470200
vn 0.000000 1.000000 0.000000
v 0.009750 -0.199000 0.430000
vn 0.000000 1.000000 0.000000
f 1588//1588 1589//1589 1590//1590
v -0.040275 -0.199000 0.430000
vn 0.000000 1.000000 0.000000
v -0.023475 -0.199000 0.451675
vn 0.000000 1.000000 0.000000
v -0.026325 -0.199000 0.445075
vn 0.000000 1.000000 0.000000
f 1591//1591 1592//1592 1593//1593
v -0.026325 -0.199000 0.445075
vn 0.000000 1.000000 0.000000
v -0.023475 -0.199000 0.451675
vn 0.000000 1.000000 0.000000
v -0.007575 -0.199000 0.451675
vn 0.000000 1.000000 0.000000
f 1594//1594 1595//1595 1596//1596
v -0.026325 -0.199000 0.445075
vn 0.000000 1.000000 0.000000
v -0.007575 -0.199000 0.451675
vn 0.000000 1.000000 0.000000
v -0.004575 -0.199000 0.445075
vn 0.000000 1.000000 0.000000
f 1597//1597 1598//1598 1599//1599
v -0.004575 -0.199000 0.445075
vn 0.000000 1.000000 0.000000
v -0.007575 -0.199000 0.451675
vn 0.000000 1.000000 0.000000
v 0.009750 -0.199000 0.430000
vn 0.000000 1.000000 0.000000
f 1600//1600 1601//1601 1602//1602
v -0.040275 -0.199000 0.430000
vn 0.000000 1.000000 0.000000
v -0.026325 -0.199000 0.445075
vn 0.000000 1.000000 0.000000
v -0.032775 -0.199000 0.430000
vn 0.000000 1.000000 0.000000
f 1603//1603 1604//1604 1605//1605
v 0.002250 -0.199000 0.430000
vn 0.000000 1.000000 0.000000
v -0.004575 -0.199000 0.445075
vn 0.000000 1.000000 0.000000
v 0.009750 -0.199000 0.430000
vn 0.000000 1.000000 0.000000
f 1606//1606 1607//1607 1608//1608
v -0.089325 -0.199000 0.430000
vn 0.000000 1.000000 0.000000
v -0.089325 -0.199000 0.481150
vn 0.000000 1.000000 0.000000
v -0.081975 -0.199000 0.481150
vn 0.000000 1.000000 0.000000
f 1609//1609 1610//1610 1611//1611
v -0.089325 -0.199000 0.430000
vn 0.000000 1.000000 0.000000
v -0.081975 -0.199000 0.481150
vn 0.000000 1.000000 0.000000
v -0.081975 -0.199000 0.458875
vn 0.000000 1.000000 0.000000
f 1612//1612 1613//1613 1614//1614
v -0.053325 -0.199000 0.458875
vn 0.000000 1.000000 0.000000
v -0.053325 -0.199000 0.481150
vn 0.000000 1.000000 0.000000
v -0.045975 -0.199000 0.481150
vn 0.000000 1.000000 0.000000
f 1615//1615 1616//1616 1617//1617
v -0.053325 -0.199000 0.458875
vn 0.000000 1.000000 0.000000
v -0.045975 -0.199000 0.481150
vn 0.000000 1.000000 0.000000
v -0.045975 -0.199000 0.430000
vn 0.000000 1.000000 0.000000
f 1618//1618 1619//1619 1620//1620
v -0.089325 -0.199000 0.430000
vn -0.000000 1.000000 0.000000
v -0.081975 -0.199000 0.458875
vn -0.000000 1.000000 0.000000
v -0.081975 -0.199000 0.452275
vn -0.000000 1.000000 0.000000
f 1621//1621 1622//1622 1623//1623
v -0.081975 -0.199000 0.452275
vn 0.000000 1.000000 0.000000
v -0.081975 -0.199000 0.458875
vn 0.000000 1.000000 0.000000
v -0.053325 -0.199000 0.458875
vn 0.000000 1.000000 0.000000
f 1624//1624 1625//1625 1626//1626
v -0.081975 -0.199000 0.452275
vn 0.000000 1.000000 0.000000
v -0.053325 -0.199000 0.458875
vn 0.000000 1.000000 0.000000
v -0.053325 -0.199000 0.452275
vn 0.000000 1.000000 0.000000
f 1627//1627 1628//1628 1629//1629
v -0.053325 -0.199000 0.452275
vn 0.000000 1.000000 0.000000
v -0.053325 -0.199000 0.458875
vn 0.000000 1.000000 0.000000
v -0.045975 -0.199000 0.430000
vn 0.000000 1.000000 0.000000
f 1630//1630 1631//1631 1632//1632
v -0.089325 -0.199000 0.430000
vn 0.000000 1.000000 0.000000
v -0.081975 -0.199000 0.452275
vn 0.000000 1.000000 0.000000
v -0.081975 -0.199000 0.430000
vn 0.000000 1.000000 0.000000
f 1633//1633 1634//1634 1635//1635
v -0.053325 -0.199000 0.430000
vn 0.000000 1.000000 0.000000
v -0.053325 -0.199000 0.452275
vn 0.000000 1.000000 0.000000
v -0.045975 -0.199000 0.430000
vn 0.000000 1.000000 0.000000
f 1636//1636 1637//1637 1638//1638
v -0.120371 -0.199000 0.481592
vn -0.000000 1.000000 0.000000
v -0.116400 -0.199000 0.481825
vn -0.000000 1.000000 0.000000
v -0.115085 -0.199000 0.481798
vn -0.000000 1.000000 0.000000
f 1639//1639 1640//1640 1641//1641
v -0.120371 -0.199000 0.481592
vn -0.000000 1.000000 0.000000
v -0.115085 -0.199000 0.481798
vn -0.000000 1.000000 0.000000
v -0.113761 -0.199000 0.481717
vn -0.000000 1.000000 0.000000
f 1642//1642 1643//1643 1644//1644
v -0.120371 -0.199000 0.481592
vn 0.000000 1.000000 0.000000
v -0.113761 -0.199000 0.481717
vn 0.000000 1.000000 0.000000
v -0.112424 -0.199000 0.481580
vn 0.000000 1.000000 0.000000
f 1645//1645 1646//1646 1647//1647
v -0.124129 -0.199000 0.480908
vn 0.000000 1.000000 0.000000
v -0.120371 -0.199000 0.481592
vn 0.000000 1.000000 0.000000
v -0.112424 -0.199000 0.481580
vn 0.000000 1.000000 0.000000
f 1648//1648 1649//1649 1650//1650
v -0.124129 -0.199000 0.480908
vn 0.000000 1.000000 0.000000
v -0.112424 -0.199000 0.481580
vn 0.000000 1.000000 0.000000
v -0.111067 -0.199000 0.481386
vn 0.000000 1.000000 0.000000
f 1651//1651 1652//1652 1653//1653
v -0.124129 -0.199000 0.480908
vn -0.000000 1.000000 0.000000
v -0.111067 -0.199000 0.481386
vn -0.000000 1.000000 0.000000
v -0.109685 -0.199000 0.481134
vn -0.000000 1.000000 0.000000
f 1654//1654 1655//1655 1656//1656
v -0.124129 -0.199000 0.480908
vn 0.000000 1.000000 0.000000
v -0.109685 -0.199000 0.481134
vn 0.000000 1.000000 0.000000
v -0.108272 -0.199000 0.480822
vn 0.000000 1.000000 0.000000
f 1657//1657 1658//1658 1659//1659
v -0.127649 -0.199000 0.479800
vn 0.000000 1.000000 0.000000
v -0.124129 -0.199000 0.480908
vn 0.000000 1.000000 0.000000
v -0.108272 -0.199000 0.480822
vn 0.000000 1.000000 0.000000
f 1660//1660 1661//1661 1662//1662
v -0.127649 -0.199000 0.479800
vn 0.000000 1.000000 0.000000
v -0.108272 -0.199000 0.480822
vn 0.000000 1.000000 0.000000
v -0.106823 -0.199000 0.480449
vn 0.000000 1.000000 0.000000
f 1663//1663 1664//1664 1665//1665
v -0.127649 -0.199000 0.479800
vn 0.000000 1.000000 0.000000
v -0.106823 -0.199000 0.480449
vn 0.000000 1.000000 0.000000
v -0.105333 -0.199000 0.480014
vn 0.000000 1.000000 0.000000
f 1666//1666 1667//1667 1668//1668
v -0.127649 -0.199000 0.479800
vn 0.000000 1.000000 0.000000
v -0.105333 -0.199000 0.480014
vn 0.000000 1.000000 0.000000
v -0.103796 -0.199000 0.479515
vn 0.000000 1.000000 0.000000
f 1669//1669 1670//1670 1671//1671
v -0.130906 -0.199000 0.478292
vn 0.000000 1.000000 0.000000
v -0.127649 -0.199000 0.479800
vn 0.000000 1.000000 0.000000
v -0.103796 -0.199000 0.479515
vn 0.000000 1.000000 0.000000
f 1672//1672 1673//1673 1674//1674
v -0.130906 -0.199000 0.478292
vn 0.000000 1.000000 0.000000
v -0.103796 -0.199000 0.479515
vn 0.000000 1.000000 0.000000
v -0.102207 -0.199000 0.478952
vn 0.000000 1.000000 0.000000
f 1675//1675 1676//1676 1677//1677
v -0.130906 -0.199000 0.478292
vn -0.000000 1.000000 0.000000
v -0.102207 -0.199000 0.478952
vn -0.000000 1.000000 0.000000
v -0.100560 -0.199000 0.478322
vn -0.000000 1.000000 0.000000
f 1678//1678 1679//1679 1680//1680
v -0.130906 -0.199000 0.478292
vn 0.000000 1.000000 0.000000
v -0.100560 -0.199000 0.478322
vn 0.000000 1.000000 0.000000
v -0.098850 -0.199000 0.477625
vn 0.000000 1.000000 0.000000
f 1681//1681 1682//1682 1683//1683
v -0.133874 -0.199000 0.476408
vn -0.000000 1.000000 0.000000
v -0.130906 -0.199000 0.478292
vn -0.000000 1.000000 0.000000
v -0.098850 -0.199000 0.477625
vn -0.000000 1.000000 0.000000
f 1684//1684 1685//1685 1686//1686
v -0.133874 -0.199000 0.476408
vn 0.000000 1.000000 0.000000
v -0.098850 -0.199000 0.477625
vn 0.000000 1.000000 0.000000
v -0.113550 -0.199000 0.474936
vn 0.000000 1.000000 0.000000
f 1687//1687 1688//1688 1689//1689
v -0.113550 -0.199000 0.474936
vn 0.000000 1.000000 0.000000
v -0.098850 -0.199000 0.477625
vn 0.000000 1.000000 0.000000
v -0.112107 -0.199000 0.474760
vn 0.000000 1.000000 0.000000
f 1690//1690 1691//1691 1692//1692
v -0.112107 -0.199000 0.474760
vn 0.000000 1.000000 0.000000
v -0.098850 -0.199000 0.477625
vn 0.000000 1.000000 0.000000
v -0.110672 -0.199000 0.474511
vn 0.000000 1.000000 0.000000
f 1693//1693 1694//1694 1695//1695
v -0.110672 -0.199000 0.474511
vn 0.000000 1.000000 0.000000
v -0.098850 -0.199000 0.477625
vn 0.000000 1.000000 0.000000
v -0.109239 -0.199000 0.474189
vn 0.000000 1.000000 0.000000
f 1696//1696 1697//1697 1698//1698
v -0.109239 -0.199000 0.474189
vn 0.000000 1.000000 0.000000
v -0.098850 -0.199000 0.477625
vn 0.000000 1.000000 0.000000
v -0.107803 -0.199000 0.473791
vn 0.000000 1.000000 0.000000
f 1699//1699 1700//1700 1701//1701
v -0.107803 -0.199000 0.473791
vn 0.000000 1.000000 0.000000
v -0.098850 -0.199000 0.477625
vn 0.000000 1.000000 0.000000
v -0.106359 -0.199000 0.473316
vn 0.000000 1.000000 0.000000
f 1702//1702 1703//1703 1704//1704
v -0.106359 -0.199000 0.473316
vn 0.000000 1.000000 0.000000
v -0.098850 -0.199000 0.477625
vn 0.000000 1.000000 0.000000
v -0.104903 -0.199000 0.472764
vn 0.000000 1.000000 0.000000
f 1705//1705 1706//1706 1707//1707
v -0.104903 -0.199000 0.472764
vn 0.000000 1.000000 0.000000
v -0.098850 -0.199000 0.477625
vn 0.000000 1.000000 0.000000
v -0.103429 -0.199000 0.472132
vn 0.000000 1.000000 0.000000
f 1708//1708 1709//1709 1710//1710
v -0.103429 -0.199000 0.472132
vn 0.000000 1.000000 0.000000
v -0.098850 -0.199000 0.477625
vn 0.000000 1.000000 0.000000
v -0.101932 -0.199000 0.471420
vn 0.000000 1.000000 0.000000
f 1711//1711 1712//1712 1713//1713
v -0.101932 -0.199000 0.471420
vn 0.000000 1.000000 0.000000
v -0.098850 -0.199000 0.477625
vn 0.000000 1.000000 0.000000
v -0.100407 -0.199000 0.470627
vn 0.000000 1.000000 0.000000
f 1714//1714 1715//1715 1716//1716
v -0.100407 -0.199000 0.470627
vn 0.000000 1.000000 0.000000
v -0.098850 -0.199000 0.477625
vn 0.000000 1.000000 0.000000
v -0.098850 -0.199000 0.469750
vn 0.000000 1.000000 0.000000
f 1717//1717 1718//1718 1719//1719
v -0.136528 -0.199000 0.474175
vn 0.000000 1.000000 0.000000
v -0.133874 -0.199000 0.476408
vn 0.000000 1.000000 0.000000
v -0.116475 -0.199000 0.475075
vn 0.000000 1.000000 0.000000
f 1720//1720 1721//1721 1722//1722
v -0.116475 -0.199000 0.475075
vn 0.000000 1.000000 0.000000
v -0.133874 -0.199000 0.476408
vn 0.000000 1.000000 0.000000
v -0.115004 -0.199000 0.475040
vn 0.000000 1.000000 0.000000
f 1723//1723 1724//1724 1725//1725
v -0.115004 -0.199000 0.475040
vn 0.000000 1.000000 0.000000
v -0.133874 -0.199000 0.476408
vn 0.000000 1.000000 0.000000
v -0.113550 -0.199000 0.474936
vn 0.000000 1.000000 0.000000
f 1726//1726 1727//1727 1728//1728
v -0.136528 -0.199000 0.474175
vn 0.000000 1.000000 0.000000
v -0.116475 -0.199000 0.475075
vn 0.000000 1.000000 0.000000
v -0.119334 -0.199000 0.474905
vn 0.000000 1.000000 0.000000
f 1729//1729 1730//1730 1731//1731
v -0.136528 -0.199000 0.474175
vn 0.000000 1.000000 0.000000
v -0.119334 -0.199000 0.474905
vn 0.000000 1.000000 0.000000
v -0.122049 -0.199000 0.474406
vn 0.000000 1.000000 0.000000
f 1732//1732 1733//1733 1734//1734
v -0.136528 -0.199000 0.474175
vn -0.000000 1.000000 0.000000
v -0.122049 -0.199000 0.474406
vn -0.000000 1.000000 0.000000
v -0.124598 -0.199000 0.473598
vn -0.000000 1.000000 0.000000
f 1735//1735 1736//1736 1737//1737
v -0.138843 -0.199000 0.471617
vn -0.000000 1.000000 0.000000
v -0.136528 -0.199000 0.474175
vn -0.000000 1.000000 0.000000
v -0.124598 -0.199000 0.473598
vn -0.000000 1.000000 0.000000
f 1738//1738 1739//1739 1740//1740
v -0.138843 -0.199000 0.471617
vn 0.000000 1.000000 0.000000
v -0.124598 -0.199000 0.473598
vn 0.000000 1.000000 0.000000
v -0.126964 -0.199000 0.472500
vn 0.000000 1.000000 0.000000
f 1741//1741 1742//1742 1743//1743
v -0.138843 -0.199000 0.471617
vn 0.000000 1.000000 0.000000
v -0.126964 -0.199000 0.472500
vn 0.000000 1.000000 0.000000
v -0.129125 -0.199000 0.471130
vn 0.000000 1.000000 0.000000
f 1744//1744 1745//1745 1746//1746
v -0.140794 -0.199000 0.468758
vn 0.000000 1.000000 0.000000
v -0.138843 -0.199000 0.471617
vn 0.000000 1.000000 0.000000
v -0.129125 -0.199000 0.471130
vn 0.000000 1.000000 0.000000
f 1747//1747 1748//1748 1749//1749
v -0.140794 -0.199000 0.468758
vn 0.000000 1.000000 0.000000
v -0.129125 -0.199000 0.471130
vn 0.000000 1.000000 0.000000
v -0.131063 -0.199000 0.469506
vn 0.000000 1.000000 0.000000
f 1750//1750 1751//1751 1752//1752
v -0.140794 -0.199000 0.468758
vn -0.000000 1.000000 0.000000
v -0.131063 -0.199000 0.469506
vn -0.000000 1.000000 0.000000
v -0.132756 -0.199000 0.467648
vn -0.000000 1.000000 0.000000
f 1753//1753 1754//1754 1755//1755
v -0.142356 -0.199000 0.465625
vn 0.000000 1.000000 0.000000
v -0.140794 -0.199000 0.468758
vn 0.000000 1.000000 0.000000
v -0.132756 -0.199000 0.467648
vn 0.000000 1.000000 0.000000
f 1756//1756 1757//1757 1758//1758
v -0.142356 -0.199000 0.465625
vn -0.000000 1.000000 0.000000
v -0.132756 -0.199000 0.467648
vn -0.000000 1.000000 0.000000
v -0.134186 -0.199000 0.465575
vn -0.000000 1.000000 0.000000
f 1759//1759 1760//1760 1761//1761
v -0.143502 -0.199000 0.462242
vn -0.000000 1.000000 0.000000
v -0.142356 -0.199000 0.465625
vn -0.000000 1.000000 0.000000
v -0.134186 -0.199000 0.465575
vn -0.000000 1.000000 0.000000
f 1762//1762 1763//1763 1764//1764
v -0.143502 -0.199000 0.462242
vn 0.000000 1.000000 0.000000
v -0.134186 -0.199000 0.465575
vn 0.000000 1.000000 0.000000
v -0.135333 -0.199000 0.463305
vn 0.000000 1.000000 0.000000
f 1765//1765 1766//1766 1767//1767
v -0.143502 -0.199000 0.462242
vn 0.000000 1.000000 0.000000
v -0.135333 -0.199000 0.463305
vn 0.000000 1.000000 0.000000
v -0.136176 -0.199000 0.460856
vn 0.000000 1.000000 0.000000
f 1768//1768 1769//1769 1770//1770
v -0.144209 -0.199000 0.458633
vn 0.000000 1.000000 0.000000
v -0.143502 -0.199000 0.462242
vn 0.000000 1.000000 0.000000
v -0.136176 -0.199000 0.460856
vn 0.000000 1.000000 0.000000
f 1771//1771 1772//1772 1773//1773
v -0.144209 -0.199000 0.458633
vn 0.000000 1.000000 0.000000
v -0.136176 -0.199000 0.460856
vn 0.000000 1.000000 0.000000
v -0.136697 -0.199000 0.458248
vn 0.000000 1.000000 0.000000
f 1774//1774 1775//1775 1776//1776
v -0.144450 -0.199000 0.454825
vn 0.000000 1.000000 0.000000
v -0.144209 -0.199000 0.458633
vn 0.000000 1.000000 0.000000
v -0.136697 -0.199000 0.458248
vn 0.000000 1.000000 0.000000
f 1777//1777 1778//1778 1779//1779
v -0.144450 -0.199000 0.454825
vn 0.000000 1.000000 0.000000
v -0.136697 -0.199000 0.458248
vn 0.000000 1.000000 0.000000
v -0.136875 -0.199000 0.455500
vn 0.000000 1.000000 0.000000
f 1780//1780 1781//1781 1782//1782
v -0.144450 -0.199000 0.454825
vn 0.000000 1.000000 0.000000
v -0.136875 -0.199000 0.455500
vn 0.000000 1.000000 0.000000
v -0.136703 -0.199000 0.452707
vn 0.000000 1.000000 0.000000
f 1783//1783 1784//1784 1785//1785
v -0.144274 -0.199000 0.452070
vn 0.000000 1.000000 0.000000
v -0.144450 -0.199000 0.454825
vn 0.000000 1.000000 0.000000
v -0.136703 -0.199000 0.452707
vn 0.000000 1.000000 0.000000
f 1786//1786 1787//1787 1788//1788
v -0.144274 -0.199000 0.452070
vn -0.000000 1.000000 0.000000
v -0.136703 -0.199000 0.452707
vn -0.000000 1.000000 0.000000
v -0.136196 -0.199000 0.450077
vn -0.000000 1.000000 0.000000
f 1789//1789 1790//1790 1791//1791
v -0.143739 -0.199000 0.449212
vn 0.000000 1.000000 0.000000
v -0.144274 -0.199000 0.452070
vn 0.000000 1.000000 0.000000
v -0.136196 -0.199000 0.450077
vn 0.000000 1.000000 0.000000
f 1792//1792 1793//1793 1794//1794
v -0.143739 -0.199000 0.449212
vn 0.000000 1.000000 0.000000
v -0.136196 -0.199000 0.450077
vn 0.000000 1.000000 0.000000
v -0.135370 -0.199000 0.447624
vn 0.000000 1.000000 0.000000
f 1795//1795 1796//1796 1797//1797
v -0.142838 -0.199000 0.446316
vn 0.000000 1.000000 0.000000
v -0.143739 -0.199000 0.449212
vn 0.000000 1.000000 0.000000
v -0.135370 -0.199000 0.447624
vn 0.000000 1.000000 0.000000
f 1798//1798 1799//1799 1800//1800
v -0.142838 -0.199000 0.446316
vn 0.000000 1.000000 0.000000
v -0.135370 -0.199000 0.447624
vn 0.000000 1.000000 0.000000
v -0.134242 -0.199000 0.445364
vn 0.000000 1.000000 0.000000
f 1801//1801 1802//1802 1803//1803
v -0.141561 -0.199000 0.443447
vn 0.000000 1.000000 0.000000
v -0.142838 -0.199000 0.446316
vn 0.000000 1.000000 0.000000
v -0.134242 -0.199000 0.445364
vn 0.000000 1.000000 0.000000
f 1804//1804 1805//1805 1806//1806
v -0.141561 -0.199000 0.443447
vn 0.000000 1.000000 0.000000
v -0.134242 -0.199000 0.445364
vn 0.000000 1.000000 0.000000
v -0.132826 -0.199000 0.443312
vn 0.000000 1.000000 0.000000
f 1807//1807 1808//1808 1809//1809
v -0.139901 -0.199000 0.440671
vn -0.000000 1.000000 0.000000
v -0.141561 -0.199000 0.443447
vn -0.000000 1.000000 0.000000
v -0.132826 -0.199000 0.443312
vn -0.000000 1.000000 0.000000
f 1810//1810 1811//1811 1812//1812
v -0.139901 -0.199000 0.440671
vn 0.000000 1.000000 0.000000
v -0.132826 -0.199000 0.443312
vn 0.000000 1.000000 0.000000
v -0.131138 -0.199000 0.441484
vn 0.000000 1.000000 0.000000
f 1813//1813 1814//1814 1815//1815
v -0.099779 -0.199000 0.440949
vn 0.000000 1.000000 0.000000
v -0.098325 -0.199000 0.441850
vn 0.000000 1.000000 0.000000
v -0.098325 -0.199000 0.433825
vn 0.000000 1.000000 0.000000
f 1816//1816 1817//1817 1818//1818
v -0.139901 -0.199000 0.440671
vn 0.000000 1.000000 0.000000
v -0.131138 -0.199000 0.441484
vn 0.000000 1.000000 0.000000
v -0.129193 -0.199000 0.439896
vn 0.000000 1.000000 0.000000
f 1819//1819 1820//1820 1821//1821
v -0.101251 -0.199000 0.440120
vn 0.000000 1.000000 0.000000
v -0.099779 -0.199000 0.440949
vn 0.000000 1.000000 0.000000
v -0.098325 -0.199000 0.433825
vn 0.000000 1.000000 0.000000
f 1822//1822 1823//1823 1824//1824
v -0.137850 -0.199000 0.438053
vn -0.000000 1.000000 0.000000
v -0.139901 -0.199000 0.440671
vn -0.000000 1.000000 0.000000
v -0.129193 -0.199000 0.439896
vn -0.000000 1.000000 0.000000
f 1825//1825 1826//1826 1827//1827
v -0.102738 -0.199000 0.439366
vn -0.000000 1.000000 0.000000
v -0.101251 -0.199000 0.440120
vn -0.000000 1.000000 0.000000
v -0.098325 -0.199000 0.433825
vn -0.000000 1.000000 0.000000
f 1828//1828 1829//1829 1830//1830
v -0.137850 -0.199000 0.438053
vn 0.000000 1.000000 0.000000
v -0.129193 -0.199000 0.439896
vn 0.000000 1.000000 0.000000
v -0.127008 -0.199000 0.438561
vn 0.000000 1.000000 0.000000
f 1831//1831 1832//1832 1833//1833
v -0.104236 -0.199000 0.438686
vn 0.000000 1.000000 0.000000
v -0.102738 -0.199000 0.439366
vn 0.000000 1.000000 0.000000
v -0.098325 -0.199000 0.433825
vn 0.000000 1.000000 0.000000
f 1834//1834 1835//1835 1836//1836
v -0.105741 -0.199000 0.438083
vn 0.000000 1.000000 0.000000
v -0.104236 -0.199000 0.438686
vn 0.000000 1.000000 0.000000
v -0.098325 -0.199000 0.433825
vn 0.000000 1.000000 0.000000
f 1837//1837 1838//1838 1839//1839
v -0.137850 -0.199000 0.438053
vn 0.000000 1.000000 0.000000
v -0.127008 -0.199000 0.438561
vn 0.000000 1.000000 0.000000
v -0.124598 -0.199000 0.437496
vn 0.000000 1.000000 0.000000
f 1840//1840 1841//1841 1842//1842
v -0.107250 -0.199000 0.437556
vn 0.000000 1.000000 0.000000
v -0.105741 -0.199000 0.438083
vn 0.000000 1.000000 0.000000
v -0.098325 -0.199000 0.433825
vn 0.000000 1.000000 0.000000
f 1843//1843 1844//1844 1845//1845
v -0.135399 -0.199000 0.435659
vn -0.000000 1.000000 0.000000
v -0.137850 -0.199000 0.438053
vn -0.000000 1.000000 0.000000
v -0.124598 -0.199000 0.437496
vn -0.000000 1.000000 0.000000
f 1846//1846 1847//1847 1848//1848
v -0.108759 -0.199000 0.437108
vn 0.000000 1.000000 0.000000
v -0.107250 -0.199000 0.437556
vn 0.000000 1.000000 0.000000
v -0.098325 -0.199000 0.433825
vn 0.000000 1.000000 0.000000
f 1849//1849 1850//1850 1851//1851
v -0.135399 -0.199000 0.435659
vn -0.000000 1.000000 0.000000
v -0.124598 -0.199000 0.437496
vn -0.000000 1.000000 0.000000
v -0.121979 -0.199000 0.436717
vn -0.000000 1.000000 0.000000
f 1852//1852 1853//1853 1854//1854
v -0.110264 -0.199000 0.436739
vn 0.000000 1.000000 0.000000
v -0.108759 -0.199000 0.437108
vn 0.000000 1.000000 0.000000
v -0.098325 -0.199000 0.433825
vn 0.000000 1.000000 0.000000
f 1855//1855 1856//1856 1857//1857
v -0.111762 -0.199000 0.436450
vn 0.000000 1.000000 0.000000
v -0.110264 -0.199000 0.436739
vn 0.000000 1.000000 0.000000
v -0.098325 -0.199000 0.433825
vn 0.000000 1.000000 0.000000
f 1858//1858 1859//1859 1860//1860
v -0.135399 -0.199000 0.435659
vn 0.000000 1.000000 0.000000
v -0.121979 -0.199000 0.436717
vn 0.000000 1.000000 0.000000
v -0.119166 -0.199000 0.436238
vn 0.000000 1.000000 0.000000
f 1861//1861 1862//1862 1863//1863
v -0.113249 -0.199000 0.436242
vn -0.000000 1.000000 0.000000
v -0.111762 -0.199000 0.436450
vn -0.000000 1.000000 0.000000
v -0.098325 -0.199000 0.433825
vn -0.000000 1.000000 0.000000
f 1864//1864 1865//1865 1866//1866
v -0.114721 -0.199000 0.436117
vn 0.000000 1.000000 0.000000
v -0.113249 -0.199000 0.436242
vn 0.000000 1.000000 0.000000
v -0.098325 -0.199000 0.433825
vn 0.000000 1.000000 0.000000
f 1867//1867 1868//1868 1869//1869
v -0.135399 -0.199000 0.435659
vn 0.000000 1.000000 0.000000
v -0.119166 -0.199000 0.436238
vn 0.000000 1.000000 0.000000
v -0.116175 -0.199000 0.436075
vn 0.000000 1.000000 0.000000
f 1870//1870 1871//1871 1872//1872
v -0.116175 -0.199000 0.436075
vn 0.000000 1.000000 0.000000
v -0.114721 -0.199000 0.436117
vn 0.000000 1.000000 0.000000
v -0.098325 -0.199000 0.433825
vn 0.000000 1.000000 0.000000
f 1873//1873 1874//1874 1875//1875
v -0.135399 -0.199000 0.435659
vn 0.000000 1.000000 0.000000
v -0.116175 -0.199000 0.436075
vn 0.000000 1.000000 0.000000
v -0.098325 -0.199000 0.433825
vn 0.000000 1.000000 0.000000
f 1876//1876 1877//1877 1878//1878
v -0.132539 -0.199000 0.433553
vn 0.000000 1.000000 0.000000
v -0.135399 -0.199000 0.435659
vn 0.000000 1.000000 0.000000
v -0.098325 -0.199000 0.433825
vn 0.000000 1.000000 0.000000
f 1879//1879 1880//1880 1881//1881
v -0.132539 -0.199000 0.433553
vn 0.000000 1.000000 0.000000
v -0.098325 -0.199000 0.433825
vn 0.000000 1.000000 0.000000
v -0.099592 -0.199000 0.433185
vn 0.000000 1.000000 0.000000
f 1882//1882 1883//1883 1884//1884
v -0.129263 -0.199000 0.431801
vn -0.000000 1.000000 0.000000
v -0.132539 -0.199000 0.433553
vn -0.000000 1.000000 0.000000
v -0.099592 -0.199000 0.433185
vn -0.000000 1.000000 0.000000
f 1885//1885 1886//1886 1887//1887
v -0.129263 -0.199000 0.431801
vn 0.000000 1.000000 0.000000
v -0.099592 -0.199000 0.433185
vn 0.000000 1.000000 0.000000
v -0.100885 -0.199000 0.432580
vn 0.000000 1.000000 0.000000
f 1888//1888 1889//1889 1890//1890
v -0.129263 -0.199000 0.431801
vn -0.000000 1.000000 0.000000
v -0.100885 -0.199000 0.432580
vn -0.000000 1.000000 0.000000
v -0.102211 -0.199000 0.432014
vn -0.000000 1.000000 0.000000
f 1891//1891 1892//1892 1893//1893
v -0.129263 -0.199000 0.431801
vn 0.000000 1.000000 0.000000
v -0.102211 -0.199000 0.432014
vn 0.000000 1.000000 0.000000
v -0.103578 -0.199000 0.431492
vn 0.000000 1.000000 0.000000
f 1894//1894 1895//1895 1896//1896
v -0.125561 -0.199000 0.430469
vn -0.000000 1.000000 0.000000
v -0.129263 -0.199000 0.431801
vn -0.000000 1.000000 0.000000
v -0.103578 -0.199000 0.431492
vn -0.000000 1.000000 0.000000
f 1897//1897 1898//1898 1899//1899
v -0.125561 -0.199000 0.430469
vn 0.000000 1.000000 0.000000
v -0.103578 -0.199000 0.431492
vn 0.000000 1.000000 0.000000
v -0.104993 -0.199000 0.431016
vn 0.000000 1.000000 0.000000
f 1900//1900 1901//1901 1902//1902
v -0.125561 -0.199000 0.430469
vn 0.000000 1.000000 0.000000
v -0.104993 -0.199000 0.431016
vn 0.000000 1.000000 0.000000
v -0.106463 -0.199000 0.430591
vn 0.000000 1.000000 0.000000
f 1903//1903 1904//1904 1905//1905
v -0.125561 -0.199000 0.430469
vn 0.000000 1.000000 0.000000
v -0.106463 -0.199000 0.430591
vn 0.000000 1.000000 0.000000
v -0.107995 -0.199000 0.430220
vn 0.000000 1.000000 0.000000
f 1906//1906 1907//1907 1908//1908
v -0.121426 -0.199000 0.429622
vn 0.000000 1.000000 0.000000
v -0.125561 -0.199000 0.430469
vn 0.000000 1.000000 0.000000
v -0.107995 -0.199000 0.430220
vn 0.000000 1.000000 0.000000
f 1909//1909 1910//1910 1911//1911
v -0.121426 -0.199000 0.429622
vn 0.000000 1.000000 0.000000
v -0.107995 -0.199000 0.430220
vn 0.000000 1.000000 0.000000
v -0.109597 -0.199000 0.429908
vn 0.000000 1.000000 0.000000
f 1912//1912 1913//1913 1914//1914
v -0.121426 -0.199000 0.429622
vn 0.000000 1.000000 0.000000
v -0.109597 -0.199000 0.429908
vn 0.000000 1.000000 0.000000
v -0.111277 -0.199000 0.429659
vn 0.000000 1.000000 0.000000
f 1915//1915 1916//1916 1917//1917
v -0.121426 -0.199000 0.429622
vn 0.000000 1.000000 0.000000
v -0.111277 -0.199000 0.429659
vn 0.000000 1.000000 0.000000
v -0.113040 -0.199000 0.429476
vn 0.000000 1.000000 0.000000
f 1918//1918 1919//1919 1920//1920
v -0.116850 -0.199000 0.429325
vn 0.000000 1.000000 0.000000
v -0.121426 -0.199000 0.429622
vn 0.000000 1.000000 0.000000
v -0.113040 -0.199000 0.429476
vn 0.000000 1.000000 0.000000
f 1921//1921 1922//1922 1923//1923
v -0.116850 -0.199000 0.429325
vn 0.000000 1.000000 0.000000
v -0.113040 -0.199000 0.429476
vn 0.000000 1.000000 0.000000
v -0.114896 -0.199000 0.429363
vn 0.000000 1.000000 0.000000
f 1924//1924 1925//1925 1926//1926
v -0.100407 -0.201000 0.470627
vn -0.476288 0.000000 -0.879289
v -0.101932 -0.201000 0.471420
vn -0.445717 0.000000 -0.895174
v -0.101932 -0.199000 0.471420
vn -0.445717 0.000000 -0.895174
f 1927//1927 1928//1928 1929//1929
v -0.100407 -0.201000 0.470627
vn -0.476288 0.000000 -0.879289
v -0.101932 -0.199000 0.471420
vn -0.445717 0.000000 -0.895174
v -0.100407 -0.199000 0.470627
vn -0.476288 0.000000 -0.879289
f 1930//1930 1931//1931 1932//1932
v -0.101932 -0.201000 0.471420
vn -0.445717 0.000000 -0.895174
v -0.103429 -0.201000 0.472132
vn -0.411694 0.000000 -0.911322
v -0.103429 -0.199000 0.472132
vn -0.411694 0.000000 -0.911322
f 1933//1933 1934//1934 1935//1935
v -0.101932 -0.201000 0.471420
vn -0.445717 0.000000 -0.895174
v -0.103429 -0.199000 0.472132
vn -0.411694 0.000000 -0.911322
v -0.101932 -0.199000 0.471420
vn -0.445717 0.000000 -0.895174
f 1936//1936 1937//1937 1938//1938
v -0.103429 -0.201000 0.472132
vn -0.411694 0.000000 -0.911322
v -0.104903 -0.201000 0.472764
vn -0.374224 0.000000 -0.927339
v -0.104903 -0.199000 0.472764
vn -0.374224 0.000000 -0.927339
f 1939//1939 1940//1940 1941//1941
v -0.103429 -0.201000 0.472132
vn -0.411694 0.000000 -0.911322
v -0.104903 -0.199000 0.472764
vn -0.374224 0.000000 -0.927339
v -0.103429 -0.199000 0.472132
vn -0.411694 0.000000 -0.911322
f 1942//1942 1943//1943 1944//1944
v -0.104903 -0.201000 0.472764
vn -0.374224 0.000000 -0.927339
v -0.106359 -0.201000 0.473316
vn -0.333449 0.000000 -0.942768
v -0.106359 -0.199000 0.473316
vn -0.333449 0.000000 -0.942768
f 1945//1945 1946//1946 1947//1947
v -0.104903 -0.201000 0.472764
vn -0.374224 0.000000 -0.927339
v -0.106359 -0.199000 0.473316
vn -0.333449 0.000000 -0.942768
v -0.104903 -0.199000 0.472764
vn -0.374224 0.000000 -0.927339
f 1948//1948 1949//1949 1950//1950
v -0.106359 -0.201000 0.473316
vn -0.333449 0.000000 -0.942768
v -0.107803 -0.201000 0.473791
vn -0.289677 0.000000 -0.957125
v -0.107803 -0.199000 0.473791
vn -0.289677 0.000000 -0.957125
f 1951//1951 1952//1952 1953//1953
v -0.106359 -0.201000 0.473316
vn -0.333449 0.000000 -0.942768
v -0.107803 -0.199000 0.473791
vn -0.289677 0.000000 -0.957125
v -0.106359 -0.199000 0.473316
vn -0.333449 0.000000 -0.942768
f 1954//1954 1955//1955 1956//1956
v -0.107803 -0.201000 0.473791
vn -0.289677 0.000000 -0.957125
v -0.109239 -0.201000 0.474189
vn -0.243388 0.000000 -0.969929
v -0.109239 -0.199000 0.474189
vn -0.243388 0.000000 -0.969929
f 1957//1957 1958//1958 1959//1959
v -0.107803 -0.201000 0.473791
vn -0.289677 0.000000 -0.957125
v -0.109239 -0.199000 0.474189
vn -0.243388 0.000000 -0.969929
v -0.107803 -0.199000 0.473791
vn -0.289677 0.000000 -0.957125
f 1960//1960 1961//1961 1962//1962
v -0.109239 -0.201000 0.474189
vn -0.243388 0.000000 -0.969929
v -0.110672 -0.201000 0.474511
vn -0.195226 0.000000 -0.980758
v -0.110672 -0.199000 0.474511
vn -0.195226 0.000000 -0.980758
f 1963//1963 1964//1964 1965//1965
v -0.109239 -0.201000 0.474189
vn -0.243388 0.000000 -0.969929
v -0.110672 -0.199000 0.474511
vn -0.195226 0.000000 -0.980758
v -0.109239 -0.199000 0.474189
vn -0.243388 0.000000 -0.969929
f 1966//1966 1967//1967 1968//1968
v -0.110672 -0.201000 0.474511
vn -0.195226 0.000000 -0.980758
v -0.112107 -0.201000 0.474760
vn -0.145968 0.000000 -0.989289
v -0.112107 -0.199000 0.474760
vn -0.145968 0.000000 -0.989289
f 1969//1969 1970//1970 1971//1971
v -0.110672 -0.201000 0.474511
vn -0.195226 0.000000 -0.980758
v -0.112107 -0.199000 0.474760
vn -0.145968 0.000000 -0.989289
v -0.110672 -0.199000 0.474511
vn -0.195226 0.000000 -0.980758
f 1972//1972 1973//1973 1974//1974
v -0.112107 -0.201000 0.474760
vn -0.145968 0.000000 -0.989289
v -0.113550 -0.201000 0.474936
vn -0.096483 0.000000 -0.995335
v -0.113550 -0.199000 0.474936
vn -0.096483 0.000000 -0.995335
f 1975//1975 1976//1976 1977//1977
v -0.112107 -0.201000 0.474760
vn -0.145968 0.000000 -0.989289
v -0.113550 -0.199000 0.474936
vn -0.096483 0.000000 -0.995335
v -0.112107 -0.199000 0.474760
vn -0.145968 0.000000 -0.989289
f 1978//1978 1979//1979 1980//1980
v -0.113550 -0.201000 0.474936
vn -0.096483 0.000000 -0.995335
v -0.115004 -0.201000 0.475040
vn -0.047655 0.000000 -0.998864
v -0.115004 -0.199000 0.475040
vn -0.047655 0.000000 -0.998864
f 1981//1981 1982//1982 1983//1983
v -0.113550 -0.201000 0.474936
vn -0.096483 0.000000 -0.995335
v -0.115004 -0.199000 0.475040
vn -0.047655 0.000000 -0.998864
v -0.113550 -0.199000 0.474936
vn -0.096483 0.000000 -0.995335
f 1984//1984 1985//1985 1986//1986
v -0.115004 -0.201000 0.475040
vn -0.047655 0.000000 -0.998864
v -0.116475 -0.201000 0.475075
vn 0.017994 0.000000 -0.999838
v -0.116475 -0.199000 0.475075
vn 0.017994 0.000000 -0.999838
f 1987//1987 1988//1988 1989//1989
v -0.115004 -0.201000 0.475040
vn -0.047655 0.000000 -0.998864
v -0.116475 -0.199000 0.475075
vn 0.017994 0.000000 -0.999838
v -0.115004 -0.199000 0.475040
vn -0.047655 0.000000 -0.998864
f 1990//1990 1991//1991 1992//1992
v -0.116475 -0.201000 0.475075
vn 0.017994 0.000000 -0.999838
v -0.119334 -0.201000 0.474905
vn 0.120260 0.000000 -0.992742
v -0.119334 -0.199000 0.474905
vn 0.120260 0.000000 -0.992742
f 1993//1993 1994//1994 1995//1995
v -0.116475 -0.201000 0.475075
vn 0.017994 0.000000 -0.999838
v -0.119334 -0.199000 0.474905
vn 0.120260 0.000000 -0.992742
v -0.116475 -0.199000 0.475075
vn 0.017994 0.000000 -0.999838
f 1996//1996 1997//1997 1998//1998
v -0.119334 -0.201000 0.474905
vn 0.120260 0.000000 -0.992742
v -0.122049 -0.201000 0.474406
vn 0.241785 0.000000 -0.970330
v -0.122049 -0.199000 0.474406
vn 0.241785 0.000000 -0.970330
f 1999//1999 2000//2000 2001//2001
v -0.119334 -0.201000 0.474905
vn 0.120260 0.000000 -0.992742
v -0.122049 -0.199000 0.474406
vn 0.241785 0.000000 -0.970330
v -0.119334 -0.199000 0.474905
vn 0.120260 0.000000 -0.992742
f 2002//2002 2003//2003 2004//2004
v -0.122049 -0.201000 0.474406
vn 0.241785 0.000000 -0.970330
v -0.124598 -0.201000 0.473598
vn 0.362334 0.000000 -0.932048
v -0.124598 -0.199000 0.473598
vn 0.362334 0.000000 -0.932048
f 2005//2005 2006//2006 2007//2007
v -0.122049 -0.201000 0.474406
vn 0.241785 0.000000 -0.970330
v -0.124598 -0.199000 0.473598
vn 0.362334 0.000000 -0.932048
v -0.122049 -0.199000 0.474406
vn 0.241785 0.000000 -0.970330
f 2008//2008 2009//2009 2010//2010
v -0.124598 -0.201000 0.473598
vn 0.362334 0.000000 -0.932048
v -0.126964 -0.201000 0.472500
vn 0.479338 0.000000 -0.877630
v -0.126964 -0.199000 0.472500
vn 0.479338 0.000000 -0.877630
f 2011//2011 2012//2012 2013//2013
v -0.124598 -0.201000 0.473598
vn 0.362334 0.000000 -0.932048
v -0.126964 -0.199000 0.472500
vn 0.479338 0.000000 -0.877630
v -0.124598 -0.199000 0.473598
vn 0.362334 0.000000 -0.932048
f 2014//2014 2015//2015 2016//2016
v -0.126964 -0.201000 0.472500
vn 0.479338 0.000000 -0.877630
v -0.129125 -0.201000 0.471130
vn 0.590170 0.000000 -0.807279
v -0.129125 -0.199000 0.471130
vn 0.590170 0.000000 -0.807279
f 2017//2017 2018//2018 2019//2019
v -0.126964 -0.201000 0.472500
vn 0.479338 0.000000 -0.877630
v -0.129125 -0.199000 0.471130
vn 0.590170 0.000000 -0.807279
v -0.126964 -0.199000 0.472500
vn 0.479338 0.000000 -0.877630
f 2020//2020 2021//2021 2022//2022
v -0.129125 -0.201000 0.471130
vn 0.590170 0.000000 -0.807279
v -0.131063 -0.201000 0.469506
vn 0.692206 0.000000 -0.721700
v -0.131063 -0.199000 0.469506
vn 0.692206 0.000000 -0.721700
f 2023//2023 2024//2024 2025//2025
v -0.129125 -0.201000 0.471130
vn 0.590170 0.000000 -0.807279
v -0.131063 -0.199000 0.469506
vn 0.692206 0.000000 -0.721700
v -0.129125 -0.199000 0.471130
vn 0.590170 0.000000 -0.807279
f 2026//2026 2027//2027 2028//2028
v -0.131063 -0.201000 0.469506
vn 0.692206 0.000000 -0.721700
v -0.132756 -0.201000 0.467648
vn 0.782902 0.000000 -0.622145
v -0.132756 -0.199000 0.467648
vn 0.782902 0.000000 -0.622145
f 2029//2029 2030//2030 2031//2031
v -0.131063 -0.201000 0.469506
vn 0.692206 0.000000 -0.721700
v -0.132756 -0.199000 0.467648
vn 0.782902 0.000000 -0.622145
v -0.131063 -0.199000 0.469506
vn 0.692206 0.000000 -0.721700
f 2032//2032 2033//2033 2034//2034
v -0.132756 -0.201000 0.467648
vn 0.782902 0.000000 -0.622145
v -0.134186 -0.201000 0.465575
vn 0.859890 0.000000 -0.510479
v -0.134186 -0.199000 0.465575
vn 0.859890 0.000000 -0.510479
f 2035//2035 2036//2036 2037//2037
v -0.132756 -0.201000 0.467648
vn 0.782902 0.000000 -0.622145
v -0.134186 -0.199000 0.465575
vn 0.859890 0.000000 -0.510479
v -0.132756 -0.199000 0.467648
vn 0.782902 0.000000 -0.622145
f 2038//2038 2039//2039 2040//2040
v -0.134186 -0.201000 0.465575
vn 0.859890 0.000000 -0.510479
v -0.135333 -0.201000 0.463305
vn 0.921157 0.000000 -0.389192
v -0.135333 -0.199000 0.463305
vn 0.921157 0.000000 -0.389192
f 2041//2041 2042//2042 2043//2043
v -0.134186 -0.201000 0.465575
vn 0.859890 0.000000 -0.510479
v -0.135333 -0.199000 0.463305
vn 0.921157 0.000000 -0.389192
v -0.134186 -0.199000 0.465575
vn 0.859890 0.000000 -0.510479
f 2044//2044 2045//2045 2046//2046
v -0.135333 -0.201000 0.463305
vn 0.921157 0.000000 -0.389192
v -0.136176 -0.201000 0.460856
vn 0.965242 0.000000 -0.261359
v -0.136176 -0.199000 0.460856
vn 0.965242 0.000000 -0.261359
f 2047//2047 2048//2048 2049//2049
v -0.135333 -0.201000 0.463305
vn 0.921157 0.000000 -0.389192
v -0.136176 -0.199000 0.460856
vn 0.965242 0.000000 -0.261359
v -0.135333 -0.199000 0.463305
vn 0.921157 0.000000 -0.389192
f 2050//2050 2051//2051 2052//2052
v -0.136176 -0.201000 0.460856
vn 0.965242 0.000000 -0.261359
v -0.136697 -0.201000 0.458248
vn 0.991450 0.000000 -0.130486
v -0.136697 -0.199000 0.458248
vn 0.991450 0.000000 -0.130486
f 2053//2053 2054//2054 2055//2055
v -0.136176 -0.201000 0.460856
vn 0.965242 0.000000 -0.261359
v -0.136697 -0.199000 0.458248
vn 0.991450 0.000000 -0.130486
v -0.136176 -0.199000 0.460856
vn 0.965242 0.000000 -0.261359
f 2056//2056 2057//2057 2058//2058
v -0.136697 -0.201000 0.458248
vn 0.991450 0.000000 -0.130486
v -0.136875 -0.201000 0.455500
vn 0.999999 0.000000 -0.001503
v -0.136875 -0.199000 0.455500
vn 0.999999 0.000000 -0.001503
f 2059//2059 2060//2060 2061//2061
v -0.136697 -0.201000 0.458248
vn 0.991450 0.000000 -0.130486
v -0.136875 -0.199000 0.455500
vn 0.999999 0.000000 -0.001503
v -0.136697 -0.199000 0.458248
vn 0.991450 0.000000 -0.130486
f 2062//2062 2063//2063 2064//2064
v -0.136875 -0.201000 0.455500
vn 0.999999 0.000000 -0.001503
v -0.136703 -0.201000 0.452707
vn 0.992074 -0.000000 0.125652
v -0.136703 -0.199000 0.452707
vn 0.992074 -0.000000 0.125652
f 2065//2065 2066//2066 2067//2067
v -0.136875 -0.201000 0.455500
vn 0.999999 0.000000 -0.001503
v -0.136703 -0.199000 0.452707
vn 0.992074 -0.000000 0.125652
v -0.136875 -0.199000 0.455500
vn 0.999999 0.000000 -0.001503
f 2068//2068 2069//2069 2070//2070
v -0.136703 -0.201000 0.452707
vn 0.992074 -0.000000 0.125652
v -0.136196 -0.201000 0.450077
vn 0.967035 -0.000000 0.254643
v -0.136196 -0.199000 0.450077
vn 0.967035 -0.000000 0.254643
f 2071//2071 2072//2072 2073//2073
v -0.136703 -0.201000 0.452707
vn 0.992074 -0.000000 0.125652
v -0.136196 -0.199000 0.450077
vn 0.967035 -0.000000 0.254643
v -0.136703 -0.199000 0.452707
vn 0.992074 -0.000000 0.125652
f 2074//2074 2075//2075 2076//2076
v -0.136196 -0.201000 0.450077
vn 0.967035 -0.000000 0.254643
v -0.135370 -0.201000 0.447624
vn 0.923416 -0.000000 0.383801
v -0.135370 -0.199000 0.447624
vn 0.923416 -0.000000 0.383801
f 2077//2077 2078//2078 2079//2079
v -0.136196 -0.201000 0.450077
vn 0.967035 -0.000000 0.254643
v -0.135370 -0.199000 0.447624
vn 0.923416 -0.000000 0.383801
v -0.136196 -0.199000 0.450077
vn 0.967035 -0.000000 0.254643
f 2080//2080 2081//2081 2082//2082
v -0.135370 -0.201000 0.447624
vn 0.923416 -0.000000 0.383801
v -0.134242 -0.201000 0.445364
vn 0.860946 -0.000000 0.508697
v -0.134242 -0.199000 0.445364
vn 0.860946 -0.000000 0.508697
f 2083//2083 2084//2084 2085//2085
v -0.135370 -0.201000 0.447624
vn 0.923416 -0.000000 0.383801
v -0.134242 -0.199000 0.445364
vn 0.860946 -0.000000 0.508697
v -0.135370 -0.199000 0.447624
vn 0.923416 -0.000000 0.383801
f 2086//2086 2087//2087 2088//2088
v -0.134242 -0.201000 0.445364
vn 0.860946 -0.000000 0.508697
v -0.132826 -0.201000 0.443312
vn 0.780771 -0.000000 0.624817
v -0.132826 -0.199000 0.443312
vn 0.780771 -0.000000 0.624817
f 2089//2089 2090//2090 2091//2091
v -0.134242 -0.201000 0.445364
vn 0.860946 -0.000000 0.508697
v -0.132826 -0.199000 0.443312
vn 0.780771 -0.000000 0.624817
v -0.134242 -0.199000 0.445364
vn 0.860946 -0.000000 0.508697
f 2092//2092 2093//2093 2094//2094
v -0.132826 -0.201000 0.443312
vn 0.780771 -0.000000 0.624817
v -0.131138 -0.201000 0.441484
vn 0.685399 -0.000000 0.728168
v -0.131138 -0.199000 0.441484
vn 0.685399 -0.000000 0.728168
f 2095//2095 2096//2096 2097//2097
v -0.132826 -0.201000 0.443312
vn 0.780771 -0.000000 0.624817
v -0.131138 -0.199000 0.441484
vn 0.685399 -0.000000 0.728168
v -0.132826 -0.199000 0.443312
vn 0.780771 -0.000000 0.624817
f 2098//2098 2099//2099 2100//2100
v -0.131138 -0.201000 0.441484
vn 0.685399 -0.000000 0.728168
v -0.129193 -0.201000 0.439896
vn 0.578355 -0.000000 0.815785
v -0.129193 -0.199000 0.439896
vn 0.578355 -0.000000 0.815785
f 2101//2101 2102//2102 2103//2103
v -0.131138 -0.201000 0.441484
vn 0.685399 -0.000000 0.728168
v -0.129193 -0.199000 0.439896
vn 0.578355 -0.000000 0.815785
v -0.131138 -0.199000 0.441484
vn 0.685399 -0.000000 0.728168
f 2104//2104 2105//2105 2106//2106
v -0.129193 -0.201000 0.439896
vn 0.578355 -0.000000 0.815785
v -0.127008 -0.201000 0.438561
vn 0.463674 -0.000000 0.886006
v -0.127008 -0.199000 0.438561
vn 0.463674 -0.000000 0.886006
f 2107//2107 2108//2108 2109//2109
v -0.129193 -0.201000 0.439896
vn 0.578355 -0.000000 0.815785
v -0.127008 -0.199000 0.438561
vn 0.463674 -0.000000 0.886006
v -0.129193 -0.199000 0.439896
vn 0.578355 -0.000000 0.815785
f 2110//2110 2111//2111 2112//2112
v -0.127008 -0.201000 0.438561
vn 0.463674 -0.000000 0.886006
v -0.124598 -0.201000 0.437496
vn 0.345356 -0.000000 0.938472
v -0.124598 -0.199000 0.437496
vn 0.345356 -0.000000 0.938472
f 2113//2113 2114//2114 2115//2115
v -0.127008 -0.201000 0.438561
vn 0.463674 -0.000000 0.886006
v -0.124598 -0.199000 0.437496
vn 0.345356 -0.000000 0.938472
v -0.127008 -0.199000 0.438561
vn 0.463674 -0.000000 0.886006
f 2116//2116 2117//2117 2118//2118
v -0.124598 -0.201000 0.437496
vn 0.345356 -0.000000 0.938472
v -0.121979 -0.201000 0.436717
vn 0.226950 -0.000000 0.973906
v -0.121979 -0.199000 0.436717
vn 0.226950 -0.000000 0.973906
f 2119//2119 2120//2120 2121//2121
v -0.124598 -0.201000 0.437496
vn 0.345356 -0.000000 0.938472
v -0.121979 -0.199000 0.436717
vn 0.226950 -0.000000 0.973906
v -0.124598 -0.199000 0.437496
vn 0.345356 -0.000000 0.938472
f 2122//2122 2123//2123 2124//2124
v -0.121979 -0.201000 0.436717
vn 0.226950 -0.000000 0.973906
v -0.119166 -0.201000 0.436238
vn 0.111322 -0.000000 0.993784
v -0.119166 -0.199000 0.436238
vn 0.111322 -0.000000 0.993784
f 2125//2125 2126//2126 2127//2127
v -0.121979 -0.201000 0.436717
vn 0.226950 -0.000000 0.973906
v -0.119166 -0.199000 0.436238
vn 0.111322 -0.000000 0.993784
v -0.121979 -0.199000 0.436717
vn 0.226950 -0.000000 0.973906
f 2128//2128 2129//2129 2130//2130
v -0.119166 -0.201000 0.436238
vn 0.111322 -0.000000 0.993784
v -0.116175 -0.201000 0.436075
vn 0.012787 -0.000000 0.999918
v -0.116175 -0.199000 0.436075
vn 0.012787 -0.000000 0.999918
f 2131//2131 2132//2132 2133//2133
v -0.119166 -0.201000 0.436238
vn 0.111322 -0.000000 0.993784
v -0.116175 -0.199000 0.436075
vn 0.012787 -0.000000 0.999918
v -0.119166 -0.199000 0.436238
vn 0.111322 -0.000000 0.993784
f 2134//2134 2135//2135 2136//2136
v -0.116175 -0.201000 0.436075
vn 0.012787 -0.000000 0.999918
v -0.114721 -0.201000 0.436117
vn -0.056878 -0.000000 0.998381
v -0.114721 -0.199000 0.436117
vn -0.056878 -0.000000 0.998381
f 2137//2137 2138//2138 2139//2139
v -0.116175 -0.201000 0.436075
vn 0.012787 -0.000000 0.999918
v -0.114721 -0.199000 0.436117
vn -0.056878 -0.000000 0.998381
v -0.116175 -0.199000 0.436075
vn 0.012787 -0.000000 0.999918
f 2140//2140 2141//2141 2142//2142
v -0.114721 -0.201000 0.436117
vn -0.056878 -0.000000 0.998381
v -0.113249 -0.201000 0.436242
vn -0.111607 -0.000000 0.993752
v -0.113249 -0.199000 0.436242
vn -0.111607 -0.000000 0.993752
f 2143//2143 2144//2144 2145//2145
v -0.114721 -0.201000 0.436117
vn -0.056878 -0.000000 0.998381
v -0.113249 -0.199000 0.436242
vn -0.111607 -0.000000 0.993752
v -0.114721 -0.199000 0.436117
vn -0.056878 -0.000000 0.998381
f 2146//2146 2147//2147 2148//2148
v -0.113249 -0.201000 0.436242
vn -0.111607 -0.000000 0.993752
v -0.111762 -0.201000 0.436450
vn -0.163898 -0.000000 0.986477
v -0.111762 -0.199000 0.436450
vn -0.163898 -0.000000 0.986477
f 2149//2149 2150//2150 2151//2151
v -0.113249 -0.201000 0.436242
vn -0.111607 -0.000000 0.993752
v -0.111762 -0.199000 0.436450
vn -0.163898 -0.000000 0.986477
v -0.113249 -0.199000 0.436242
vn -0.111607 -0.000000 0.993752
f 2152//2152 2153//2153 2154//2154
v -0.111762 -0.201000 0.436450
vn -0.163898 -0.000000 0.986477
v -0.110264 -0.201000 0.436739
vn -0.213843 -0.000000 0.976868
v -0.110264 -0.199000 0.436739
vn -0.213843 -0.000000 0.976868
f 2155//2155 2156//2156 2157//2157
v -0.111762 -0.201000 0.436450
vn -0.163898 -0.000000 0.986477
v -0.110264 -0.199000 0.436739
vn -0.213843 -0.000000 0.976868
v -0.111762 -0.199000 0.436450
vn -0.163898 -0.000000 0.986477
f 2158//2158 2159//2159 2160//2160
v -0.110264 -0.201000 0.436739
vn -0.213843 -0.000000 0.976868
v -0.108759 -0.201000 0.437108
vn -0.261562 -0.000000 0.965187
v -0.108759 -0.199000 0.437108
vn -0.261562 -0.000000 0.965187
f 2161//2161 2162//2162 2163//2163
v -0.110264 -0.201000 0.436739
vn -0.213843 -0.000000 0.976868
v -0.108759 -0.199000 0.437108
vn -0.261562 -0.000000 0.965187
v -0.110264 -0.199000 0.436739
vn -0.213843 -0.000000 0.976868
f 2164//2164 2165//2165 2166//2166
v -0.108759 -0.201000 0.437108
vn -0.261562 -0.000000 0.965187
v -0.107250 -0.201000 0.437556
vn -0.307193 -0.000000 0.951647
v -0.107250 -0.199000 0.437556
vn -0.307193 -0.000000 0.951647
f 2167//2167 2168//2168 2169//2169
v -0.108759 -0.201000 0.437108
vn -0.261562 -0.000000 0.965187
v -0.107250 -0.199000 0.437556
vn -0.307193 -0.000000 0.951647
v -0.108759 -0.199000 0.437108
vn -0.261562 -0.000000 0.965187
f 2170//2170 2171//2171 2172//2172
v -0.107250 -0.201000 0.437556
vn -0.307193 -0.000000 0.951647
v -0.105741 -0.201000 0.438083
vn -0.350872 -0.000000 0.936423
v -0.105741 -0.199000 0.438083
vn -0.350872 -0.000000 0.936423
f 2173//2173 2174//2174 2175//2175
v -0.107250 -0.201000 0.437556
vn -0.307193 -0.000000 0.951647
v -0.105741 -0.199000 0.438083
vn -0.350872 -0.000000 0.936423
v -0.107250 -0.199000 0.437556
vn -0.307193 -0.000000 0.951647
f 2176//2176 2177//2177 2178//2178
v -0.105741 -0.201000 0.438083
vn -0.350872 -0.000000 0.936423
v -0.104236 -0.201000 0.438686
vn -0.392741 -0.000000 0.919649
v -0.104236 -0.199000 0.438686
vn -0.392741 -0.000000 0.919649
f 2179//2179 2180//2180 2181//2181
v -0.105741 -0.201000 0.438083
vn -0.350872 -0.000000 0.936423
v -0.104236 -0.199000 0.438686
vn -0.392741 -0.000000 0.919649
v -0.105741 -0.199000 0.438083
vn -0.350872 -0.000000 0.936423
f 2182//2182 2183//2183 2184//2184
v -0.104236 -0.201000 0.438686
vn -0.392741 -0.000000 0.919649
v -0.102738 -0.201000 0.439366
vn -0.432931 -0.000000 0.901427
v -0.102738 -0.199000 0.439366
vn -0.432931 -0.000000 0.901427
f 2185//2185 2186//2186 2187//2187
v -0.104236 -0.201000 0.438686
vn -0.392741 -0.000000 0.919649
v -0.102738 -0.199000 0.439366
vn -0.432931 -0.000000 0.901427
v -0.104236 -0.199000 0.438686
vn -0.392741 -0.000000 0.919649
f 2188//2188 2189//2189 2190//2190
v -0.102738 -0.201000 0.439366
vn -0.432931 -0.000000 0.901427
v -0.101251 -0.201000 0.440120
vn -0.471565 -0.000000 0.881831
v -0.101251 -0.199000 0.440120
vn -0.471565 -0.000000 0.881831
f 2191//2191 2192//2192 2193//2193
v -0.102738 -0.201000 0.439366
vn -0.432931 -0.000000 0.901427
v -0.101251 -0.199000 0.440120
vn -0.471565 -0.000000 0.881831
v -0.102738 -0.199000 0.439366
vn -0.432931 -0.000000 0.901427
f 2194//2194 2195//2195 2196//2196
v -0.101251 -0.201000 0.440120
vn -0.471565 -0.000000 0.881831
v -0.099779 -0.201000 0.440949
vn -0.508753 -0.000000 0.860913
v -0.099779 -0.199000 0.440949
vn -0.508753 -0.000000 0.860913
f 2197//2197 2198//2198 2199//2199
v -0.101251 -0.201000 0.440120
vn -0.471565 -0.000000 0.881831
v -0.099779 -0.199000 0.440949
vn -0.508753 -0.000000 0.860913
v -0.101251 -0.199000 0.440120
vn -0.471565 -0.000000 0.881831
f 2200//2200 2201//2201 2202//2202
v -0.099779 -0.201000 0.440949
vn -0.508753 -0.000000 0.860913
v -0.098325 -0.201000 0.441850
vn 0.486374 -0.000000 0.873751
v -0.098325 -0.199000 0.441850
vn 0.486374 -0.000000 0.873751
f 2203//2203 2204//2204 2205//2205
v -0.099779 -0.201000 0.440949
vn -0.508753 -0.000000 0.860913
v -0.098325 -0.199000 0.441850
vn 0.486374 -0.000000 0.873751
v -0.099779 -0.199000 0.440949
vn -0.508753 -0.000000 0.860913
f 2206//2206 2207//2207 2208//2208
v -0.098325 -0.201000 0.441850
vn 0.486374 -0.000000 0.873751
v -0.098325 -0.201000 0.433825
vn 0.851735 0.000000 -0.523973
v -0.098325 -0.199000 0.433825
vn 0.851735 0.000000 -0.523973
f 2209//2209 2210//2210 2211//2211
v -0.098325 -0.201000 0.441850
vn 0.486374 -0.000000 0.873751
v -0.098325 -0.199000 0.433825
vn 0.851735 0.000000 -0.523973
v -0.098325 -0.199000 0.441850
vn 0.486374 -0.000000 0.873751
f 2212//2212 2213//2213 2214//2214
v -0.098325 -0.201000 0.433825
vn 0.851735 0.000000 -0.523973
v -0.099592 -0.201000 0.433185
vn 0.437368 0.000000 -0.899283
v -0.099592 -0.199000 0.433185
vn 0.437368 0.000000 -0.899283
f 2215//2215 2216//2216 2217//2217
v -0.098325 -0.201000 0.433825
vn 0.851735 0.000000 -0.523973
v -0.099592 -0.199000 0.433185
vn 0.437368 0.000000 -0.899283
v -0.098325 -0.199000 0.433825
vn 0.851735 0.000000 -0.523973
f 2218//2218 2219//2219 2220//2220
v -0.099592 -0.201000 0.433185
vn 0.437368 0.000000 -0.899283
v -0.100885 -0.201000 0.432580
vn 0.408117 0.000000 -0.912930
v -0.100885 -0.199000 0.432580
vn 0.408117 0.000000 -0.912930
f 2221//2221 2222//2222 2223//2223
v -0.099592 -0.201000 0.433185
vn 0.437368 0.000000 -0.899283
v -0.100885 -0.199000 0.432580
vn 0.408117 0.000000 -0.912930
v -0.099592 -0.199000 0.433185
vn 0.437368 0.000000 -0.899283
f 2224//2224 2225//2225 2226//2226
v -0.100885 -0.201000 0.432580
vn 0.408117 0.000000 -0.912930
v -0.102211 -0.201000 0.432014
vn 0.374878 0.000000 -0.927074
v -0.102211 -0.199000 0.432014
vn 0.374878 0.000000 -0.927074
f 2227//2227 2228//2228 2229//2229
v -0.100885 -0.201000 0.432580
vn 0.408117 0.000000 -0.912930
v -0.102211 -0.199000 0.432014
vn 0.374878 0.000000 -0.927074
v -0.100885 -0.199000 0.432580
vn 0.408117 0.000000 -0.912930
f 2230//2230 2231//2231 2232//2232
v -0.102211 -0.201000 0.432014
vn 0.374878 0.000000 -0.927074
v -0.103578 -0.201000 0.431492
vn 0.338108 0.000000 -0.941107
v -0.103578 -0.199000 0.431492
vn 0.338108 0.000000 -0.941107
f 2233//2233 2234//2234 2235//2235
v -0.102211 -0.201000 0.432014
vn 0.374878 0.000000 -0.927074
v -0.103578 -0.199000 0.431492
vn 0.338108 0.000000 -0.941107
v -0.102211 -0.199000 0.432014
vn 0.374878 0.000000 -0.927074
f 2236//2236 2237//2237 2238//2238
v -0.103578 -0.201000 0.431492
vn 0.338108 0.000000 -0.941107
v -0.104993 -0.201000 0.431016
vn 0.298400 0.000000 -0.954441
v -0.104993 -0.199000 0.431016
vn 0.298400 0.000000 -0.954441
f 2239//2239 2240//2240 2241//2241
v -0.103578 -0.201000 0.431492
vn 0.338108 0.000000 -0.941107
v -0.104993 -0.199000 0.431016
vn 0.298400 0.000000 -0.954441
v -0.103578 -0.199000 0.431492
vn 0.338108 0.000000 -0.941107
f 2242//2242 2243//2243 2244//2244
v -0.104993 -0.201000 0.431016
vn 0.298400 0.000000 -0.954441
v -0.106463 -0.201000 0.430591
vn 0.256457 0.000000 -0.966556
v -0.106463 -0.199000 0.430591
vn 0.256457 0.000000 -0.966556
f 2245//2245 2246//2246 2247//2247
v -0.104993 -0.201000 0.431016
vn 0.298400 0.000000 -0.954441
v -0.106463 -0.199000 0.430591
vn 0.256457 0.000000 -0.966556
v -0.104993 -0.199000 0.431016
vn 0.298400 0.000000 -0.954441
f 2248//2248 2249//2249 2250//2250
v -0.106463 -0.201000 0.430591
vn 0.256457 0.000000 -0.966556
v -0.107995 -0.201000 0.430220
vn 0.213058 0.000000 -0.977040
v -0.107995 -0.199000 0.430220
vn 0.213058 0.000000 -0.977040
f 2251//2251 2252//2252 2253//2253
v -0.106463 -0.201000 0.430591
vn 0.256457 0.000000 -0.966556
v -0.107995 -0.199000 0.430220
vn 0.213058 0.000000 -0.977040
v -0.106463 -0.199000 0.430591
vn 0.256457 0.000000 -0.966556
f 2254//2254 2255//2255 2256//2256
v -0.107995 -0.201000 0.430220
vn 0.213058 0.000000 -0.977040
v -0.109597 -0.201000 0.429908
vn 0.169001 0.000000 -0.985616
v -0.109597 -0.199000 0.429908
vn 0.169001 0.000000 -0.985616
f 2257//2257 2258//2258 2259//2259
v -0.107995 -0.201000 0.430220
vn 0.213058 0.000000 -0.977040
v -0.109597 -0.199000 0.429908
vn 0.169001 0.000000 -0.985616
v -0.107995 -0.199000 0.430220
vn 0.213058 0.000000 -0.977040
f 2260//2260 2261//2261 2262//2262
v -0.109597 -0.201000 0.429908
vn 0.169001 0.000000 -0.985616
v -0.111277 -0.201000 0.429659
vn 0.125051 0.000000 -0.992150
v -0.111277 -0.199000 0.429659
vn 0.125051 0.000000 -0.992150
f 2263//2263 2264//2264 2265//2265
v -0.109597 -0.201000 0.429908
vn 0.169001 0.000000 -0.985616
v -0.111277 -0.199000 0.429659
vn 0.125051 0.000000 -0.992150
v -0.109597 -0.199000 0.429908
vn 0.169001 0.000000 -0.985616
f 2266//2266 2267//2267 2268//2268
v -0.111277 -0.201000 0.429659
vn 0.125051 0.000000 -0.992150
v -0.113040 -0.201000 0.429476
vn 0.081901 0.000000 -0.996640
v -0.113040 -0.199000 0.429476
vn 0.081901 0.000000 -0.996640
f 2269//2269 2270//2270 2271//2271
v -0.111277 -0.201000 0.429659
vn 0.125051 0.000000 -0.992150
v -0.113040 -0.199000 0.429476
vn 0.081901 0.000000 -0.996640
v -0.111277 -0.199000 0.429659
vn 0.125051 0.000000 -0.992150
f 2272//2272 2273//2273 2274//2274
v -0.113040 -0.201000 0.429476
vn 0.081901 0.000000 -0.996640
v -0.114896 -0.201000 0.429363
vn 0.040130 0.000000 -0.999195
v -0.114896 -0.199000 0.429363
vn 0.040130 0.000000 -0.999195
f 2275//2275 2276//2276 2277//2277
v -0.113040 -0.201000 0.429476
vn 0.081901 0.000000 -0.996640
v -0.114896 -0.199000 0.429363
vn 0.040130 0.000000 -0.999195
v -0.113040 -0.199000 0.429476
vn 0.081901 0.000000 -0.996640
f 2278//2278 2279//2279 2280//2280
v -0.114896 -0.201000 0.429363
vn 0.040130 0.000000 -0.999195
v -0.116850 -0.201000 0.429325
vn -0.022567 0.000000 -0.999745
v -0.116850 -0.199000 0.429325
vn -0.022567 0.000000 -0.999745
f 2281//2281 2282//2282 2283//2283
v -0.114896 -0.201000 0.429363
vn 0.040130 0.000000 -0.999195
v -0.116850 -0.199000 0.429325
vn -0.022567 0.000000 -0.999745
v -0.114896 -0.199000 0.429363
vn 0.040130 0.000000 -0.999195
f 2284//2284 2285//2285 2286//2286
v -0.116850 -0.201000 0.429325
vn -0.022567 0.000000 -0.999745
v -0.121426 -0.201000 0.429622
vn -0.133048 0.000000 -0.991110
v -0.121426 -0.199000 0.429622
vn -0.133048 0.000000 -0.991110
f 2287//2287 2288//2288 2289//2289
v -0.116850 -0.201000 0.429325
vn -0.022567 0.000000 -0.999745
v -0.121426 -0.199000 0.429622
vn -0.133048 0.000000 -0.991110
v -0.116850 -0.199000 0.429325
vn -0.022567 0.000000 -0.999745
f 2290//2290 2291//2291 2292//2292
v -0.121426 -0.201000 0.429622
vn -0.133048 0.000000 -0.991110
v -0.125561 -0.201000 0.430469
vn -0.270368 0.000000 -0.962757
v -0.125561 -0.199000 0.430469
vn -0.270368 0.000000 -0.962757
f 2293//2293 2294//2294 2295//2295
v -0.121426 -0.201000 0.429622
vn -0.133048 0.000000 -0.991110
v -0.125561 -0.199000 0.430469
vn -0.270368 0.000000 -0.962757
v -0.121426 -0.199000 0.429622
vn -0.133048 0.000000 -0.991110
f 2296//2296 2297//2297 2298//2298
v -0.125561 -0.201000 0.430469
vn -0.270368 0.000000 -0.962757
v -0.129263 -0.201000 0.431801
vn -0.406120 0.000000 -0.913820
v -0.129263 -0.199000 0.431801
vn -0.406120 0.000000 -0.913820
f 2299//2299 2300//2300 2301//2301
v -0.125561 -0.201000 0.430469
vn -0.270368 0.000000 -0.962757
v -0.129263 -0.199000 0.431801
vn -0.406120 0.000000 -0.913820
v -0.125561 -0.199000 0.430469
vn -0.270368 0.000000 -0.962757
f 2302//2302 2303//2303 2304//2304
v -0.129263 -0.201000 0.431801
vn -0.406120 0.000000 -0.913820
v -0.132539 -0.201000 0.433553
vn -0.533584 0.000000 -0.845747
v -0.132539 -0.199000 0.433553
vn -0.533584 0.000000 -0.845747
f 2305//2305 2306//2306 2307//2307
v -0.129263 -0.201000 0.431801
vn -0.406120 0.000000 -0.913820
v -0.132539 -0.199000 0.433553
vn -0.533584 0.000000 -0.845747
v -0.129263 -0.199000 0.431801
vn -0.406120 0.000000 -0.913820
f 2308//2308 2309//2309 2310//2310
v -0.132539 -0.201000 0.433553
vn -0.533584 0.000000 -0.845747
v -0.135399 -0.201000 0.435659
vn -0.647419 0.000000 -0.762134
v -0.135399 -0.199000 0.435659
vn -0.647419 0.000000 -0.762134
f 2311//2311 2312//2312 2313//2313
v -0.132539 -0.201000 0.433553
vn -0.533584 0.000000 -0.845747
v -0.135399 -0.199000 0.435659
vn -0.647419 0.000000 -0.762134
v -0.132539 -0.199000 0.433553
vn -0.533584 0.000000 -0.845747
f 2314//2314 2315//2315 2316//2316
v -0.135399 -0.201000 0.435659
vn -0.647419 0.000000 -0.762134
v -0.137850 -0.201000 0.438053
vn -0.744587 0.000000 -0.667525
v -0.137850 -0.199000 0.438053
vn -0.744587 0.000000 -0.667525
f 2317//2317 2318//2318 2319//2319
v -0.135399 -0.201000 0.435659
vn -0.647419 0.000000 -0.762134
v -0.137850 -0.199000 0.438053
vn -0.744587 0.000000 -0.667525
v -0.135399 -0.199000 0.435659
vn -0.647419 0.000000 -0.762134
f 2320//2320 2321//2321 2322//2322
v -0.137850 -0.201000 0.438053
vn -0.744587 0.000000 -0.667525
v -0.139901 -0.201000 0.440671
vn -0.824349 0.000000 -0.566082
v -0.139901 -0.199000 0.440671
vn -0.824349 0.000000 -0.566082
f 2323//2323 2324//2324 2325//2325
v -0.137850 -0.201000 0.438053
vn -0.744587 0.000000 -0.667525
v -0.139901 -0.199000 0.440671
vn -0.824349 0.000000 -0.566082
v -0.137850 -0.199000 0.438053
vn -0.744587 0.000000 -0.667525
f 2326//2326 2327//2327 2328//2328
v -0.139901 -0.201000 0.440671
vn -0.824349 0.000000 -0.566082
v -0.141561 -0.201000 0.443447
vn -0.887578 0.000000 -0.460657
v -0.141561 -0.199000 0.443447
vn -0.887578 0.000000 -0.460657
f 2329//2329 2330//2330 2331//2331
v -0.139901 -0.201000 0.440671
vn -0.824349 0.000000 -0.566082
v -0.141561 -0.199000 0.443447
vn -0.887578 0.000000 -0.460657
v -0.139901 -0.199000 0.440671
vn -0.824349 0.000000 -0.566082
f 2332//2332 2333//2333 2334//2334
v -0.141561 -0.201000 0.443447
vn -0.887578 0.000000 -0.460657
v -0.142838 -0.201000 0.446316
vn -0.935834 0.000000 -0.352440
v -0.142838 -0.199000 0.446316
vn -0.935834 0.000000 -0.352440
f 2335//2335 2336//2336 2337//2337
v -0.141561 -0.201000 0.443447
vn -0.887578 0.000000 -0.460657
v -0.142838 -0.199000 0.446316
vn -0.935834 0.000000 -0.352440
v -0.141561 -0.199000 0.443447
vn -0.887578 0.000000 -0.460657
f 2338//2338 2339//2339 2340//2340
v -0.142838 -0.201000 0.446316
vn -0.935834 0.000000 -0.352440
v -0.143739 -0.201000 0.449212
vn -0.970538 0.000000 -0.240949
v -0.143739 -0.199000 0.449212
vn -0.970538 0.000000 -0.240949
f 2341//2341 2342//2342 2343//2343
v -0.142838 -0.201000 0.446316
vn -0.935834 0.000000 -0.352440
v -0.143739 -0.199000 0.449212
vn -0.970538 0.000000 -0.240949
v -0.142838 -0.199000 0.446316
vn -0.935834 0.000000 -0.352440
f 2344//2344 2345//2345 2346//2346
v -0.143739 -0.201000 0.449212
vn -0.970538 0.000000 -0.240949
v -0.144274 -0.201000 0.452070
vn -0.992266 0.000000 -0.124126
v -0.144274 -0.199000 0.452070
vn -0.992266 0.000000 -0.124126
f 2347//2347 2348//2348 2349//2349
v -0.143739 -0.201000 0.449212
vn -0.970538 0.000000 -0.240949
v -0.144274 -0.199000 0.452070
vn -0.992266 0.000000 -0.124126
v -0.143739 -0.199000 0.449212
vn -0.970538 0.000000 -0.240949
f 2350//2350 2351//2351 2352//2352
v -0.144274 -0.201000 0.452070
vn -0.992266 0.000000 -0.124126
v -0.144450 -0.201000 0.454825
vn -1.000000 0.000000 -0.000356
v -0.144450 -0.199000 0.454825
vn -1.000000 0.000000 -0.000356
f 2353//2353 2354//2354 2355//2355
v -0.144274 -0.201000 0.452070
vn -0.992266 0.000000 -0.124126
v -0.144450 -0.199000 0.454825
vn -1.000000 0.000000 -0.000356
v -0.144274 -0.199000 0.452070
vn -0.992266 0.000000 -0.124126
f 2356//2356 2357//2357 2358//2358
v -0.144450 -0.201000 0.454825
vn -1.000000 0.000000 -0.000356
v -0.144209 -0.201000 0.458633
vn -0.991783 -0.000000 0.127935
v -0.144209 -0.199000 0.458633
vn -0.991783 -0.000000 0.127935
f 2359//2359 2360//2360 2361//2361
v -0.144450 -0.201000 0.454825
vn -1.000000 0.000000 -0.000356
v -0.144209 -0.199000 0.458633
vn -0.991783 -0.000000 0.127935
v -0.144450 -0.199000 0.454825
vn -1.000000 0.000000 -0.000356
f 2362//2362 2363//2363 2364//2364
v -0.144209 -0.201000 0.458633
vn -0.991783 -0.000000 0.127935
v -0.143502 -0.201000 0.462242
vn -0.966380 -0.000000 0.257119
v -0.143502 -0.199000 0.462242
vn -0.966380 -0.000000 0.257119
f 2365//2365 2366//2366 2367//2367
v -0.144209 -0.201000 0.458633
vn -0.991783 -0.000000 0.127935
v -0.143502 -0.199000 0.462242
vn -0.966380 -0.000000 0.257119
v -0.144209 -0.199000 0.458633
vn -0.991783 -0.000000 0.127935
f 2368//2368 2369//2369 2370//2370
v -0.143502 -0.201000 0.462242
vn -0.966380 -0.000000 0.257119
v -0.142356 -0.201000 0.465625
vn -0.923180 -0.000000 0.384368
v -0.142356 -0.199000 0.465625
vn -0.923180 -0.000000 0.384368
f 2371//2371 2372//2372 2373//2373
v -0.143502 -0.201000 0.462242
vn -0.966380 -0.000000 0.257119
v -0.142356 -0.199000 0.465625
vn -0.923180 -0.000000 0.384368
v -0.143502 -0.199000 0.462242
vn -0.966380 -0.000000 0.257119
f 2374//2374 2375//2375 2376//2376
v -0.142356 -0.201000 0.465625
vn -0.923180 -0.000000 0.384368
v -0.140794 -0.201000 0.468758
vn -0.862494 -0.000000 0.506067
v -0.140794 -0.199000 0.468758
vn -0.862494 -0.000000 0.506067
f 2377//2377 2378//2378 2379//2379
v -0.142356 -0.201000 0.465625
vn -0.923180 -0.000000 0.384368
v -0.140794 -0.199000 0.468758
vn -0.862494 -0.000000 0.506067
v -0.142356 -0.199000 0.465625
vn -0.923180 -0.000000 0.384368
f 2380//2380 2381//2381 2382//2382
v -0.140794 -0.201000 0.468758
vn -0.862494 -0.000000 0.506067
v -0.138843 -0.201000 0.471617
vn -0.785525 -0.000000 0.618830
v -0.138843 -0.199000 0.471617
vn -0.785525 -0.000000 0.618830
f 2383//2383 2384//2384 2385//2385
v -0.140794 -0.201000 0.468758
vn -0.862494 -0.000000 0.506067
v -0.138843 -0.199000 0.471617
vn -0.785525 -0.000000 0.618830
v -0.140794 -0.199000 0.468758
vn -0.862494 -0.000000 0.506067
f 2386//2386 2387//2387 2388//2388
v -0.138843 -0.201000 0.471617
vn -0.785525 -0.000000 0.618830
v -0.136528 -0.201000 0.474175
vn -0.694225 -0.000000 0.719758
v -0.136528 -0.199000 0.474175
vn -0.694225 -0.000000 0.719758
f 2389//2389 2390//2390 2391//2391
v -0.138843 -0.201000 0.471617
vn -0.785525 -0.000000 0.618830
v -0.136528 -0.199000 0.474175
vn -0.694225 -0.000000 0.719758
v -0.138843 -0.199000 0.471617
vn -0.785525 -0.000000 0.618830
f 2392//2392 2393//2393 2394//2394
v -0.136528 -0.201000 0.474175
vn -0.694225 -0.000000 0.719758
v -0.133874 -0.201000 0.476408
vn -0.591112 -0.000000 0.806589
v -0.133874 -0.199000 0.476408
vn -0.591112 -0.000000 0.806589
f 2395//2395 2396//2396 2397//2397
v -0.136528 -0.201000 0.474175
vn -0.694225 -0.000000 0.719758
v -0.133874 -0.199000 0.476408
vn -0.591112 -0.000000 0.806589
v -0.136528 -0.199000 0.474175
vn -0.694225 -0.000000 0.719758
f 2398//2398 2399//2399 2400//2400
v -0.133874 -0.201000 0.476408
vn -0.591112 -0.000000 0.806589
v -0.130906 -0.201000 0.478292
vn -0.479048 -0.000000 0.877789
v -0.130906 -0.199000 0.478292
vn -0.479048 -0.000000 0.877789
f 2401//2401 2402//2402 2403//2403
v -0.133874 -0.201000 0.476408
vn -0.591112 -0.000000 0.806589
v -0.130906 -0.199000 0.478292
vn -0.479048 -0.000000 0.877789
v -0.133874 -0.199000 0.476408
vn -0.591112 -0.000000 0.806589
f 2404//2404 2405//2405 2406//2406
v -0.130906 -0.201000 0.478292
vn -0.479048 -0.000000 0.877789
v -0.127649 -0.201000 0.479800
vn -0.361042 -0.000000 0.932550
v -0.127649 -0.199000 0.479800
vn -0.361042 -0.000000 0.932550
f 2407//2407 2408//2408 2409//2409
v -0.130906 -0.201000 0.478292
vn -0.479048 -0.000000 0.877789
v -0.127649 -0.199000 0.479800
vn -0.361042 -0.000000 0.932550
v -0.130906 -0.199000 0.478292
vn -0.479048 -0.000000 0.877789
f 2410//2410 2411//2411 2412//2412
v -0.127649 -0.201000 0.479800
vn -0.361042 -0.000000 0.932550
v -0.124129 -0.201000 0.480908
vn -0.240085 -0.000000 0.970752
v -0.124129 -0.199000 0.480908
vn -0.240085 -0.000000 0.970752
f 2413//2413 2414//2414 2415//2415
v -0.127649 -0.201000 0.479800
vn -0.361042 -0.000000 0.932550
v -0.124129 -0.199000 0.480908
vn -0.240085 -0.000000 0.970752
v -0.127649 -0.199000 0.479800
vn -0.361042 -0.000000 0.932550
f 2416//2416 2417//2417 2418//2418
v -0.124129 -0.201000 0.480908
vn -0.240085 -0.000000 0.970752
v -0.120371 -0.201000 0.481592
vn -0.118999 -0.000000 0.992894
v -0.120371 -0.199000 0.481592
vn -0.118999 -0.000000 0.992894
f 2419//2419 2420//2420 2421//2421
v -0.124129 -0.201000 0.480908
vn -0.240085 -0.000000 0.970752
v -0.120371 -0.199000 0.481592
vn -0.118999 -0.000000 0.992894
v -0.124129 -0.199000 0.480908
vn -0.240085 -0.000000 0.970752
f 2422//2422 2423//2423 2424//2424
v -0.120371 -0.201000 0.481592
vn -0.118999 -0.000000 0.992894
v -0.116400 -0.201000 0.481825
vn -0.019166 -0.000000 0.999816
v -0.116400 -0.199000 0.481825
vn -0.019166 -0.000000 0.999816
f 2425//2425 2426//2426 2427//2427
v -0.120371 -0.201000 0.481592
vn -0.118999 -0.000000 0.992894
v -0.116400 -0.199000 0.481825
vn -0.019166 -0.000000 0.999816
v -0.120371 -0.199000 0.481592
vn -0.118999 -0.000000 0.992894
f 2428//2428 2429//2429 2430//2430
v -0.116400 -0.201000 0.481825
vn -0.019166 -0.000000 0.999816
v -0.115085 -0.201000 0.481798
vn 0.040808 -0.000000 0.999167
v -0.115085 -0.199000 0.481798
vn 0.040808 -0.000000 0.999167
f 2431//2431 2432//2432 2433//2433
v -0.116400 -0.201000 0.481825
vn -0.019166 -0.000000 0.999816
v -0.115085 -0.199000 0.481798
vn 0.040808 -0.000000 0.999167
v -0.116400 -0.199000 0.481825
vn -0.019166 -0.000000 0.999816
f 2434//2434 2435//2435 2436//2436
v -0.115085 -0.201000 0.481798
vn 0.040808 -0.000000 0.999167
v -0.113761 -0.201000 0.481717
vn 0.081556 -0.000000 0.996669
v -0.113761 -0.199000 0.481717
vn 0.081556 -0.000000 0.996669
f 2437//2437 2438//2438 2439//2439
v -0.115085 -0.201000 0.481798
vn 0.040808 -0.000000 0.999167
v -0.113761 -0.199000 0.481717
vn 0.081556 -0.000000 0.996669
v -0.115085 -0.199000 0.481798
vn 0.040808 -0.000000 0.999167
f 2440//2440 2441//2441 2442//2442
v -0.113761 -0.201000 0.481717
vn 0.081556 -0.000000 0.996669
v -0.112424 -0.201000 0.481580
vn 0.121686 -0.000000 0.992569
v -0.112424 -0.199000 0.481580
vn 0.121686 -0.000000 0.992569
f 2443//2443 2444//2444 2445//2445
v -0.113761 -0.201000 0.481717
vn 0.081556 -0.000000 0.996669
v -0.112424 -0.199000 0.481580
vn 0.121686 -0.000000 0.992569
v -0.113761 -0.199000 0.481717
vn 0.081556 -0.000000 0.996669
f 2446//2446 2447//2447 2448//2448
v -0.112424 -0.201000 0.481580
vn 0.121686 -0.000000 0.992569
v -0.111067 -0.201000 0.481386
vn 0.160558 -0.000000 0.987026
v -0.111067 -0.199000 0.481386
vn 0.160558 -0.000000 0.987026
f 2449//2449 2450//2450 2451//2451
v -0.112424 -0.201000 0.481580
vn 0.121686 -0.000000 0.992569
v -0.111067 -0.199000 0.481386
vn 0.160558 -0.000000 0.987026
v -0.112424 -0.199000 0.481580
vn 0.121686 -0.000000 0.992569
f 2452//2452 2453//2453 2454//2454
v -0.111067 -0.201000 0.481386
vn 0.160558 -0.000000 0.987026
v -0.109685 -0.201000 0.481134
vn 0.197632 -0.000000 0.980276
v -0.109685 -0.199000 0.481134
vn 0.197632 -0.000000 0.980276
f 2455//2455 2456//2456 2457//2457
v -0.111067 -0.201000 0.481386
vn 0.160558 -0.000000 0.987026
v -0.109685 -0.199000 0.481134
vn 0.197632 -0.000000 0.980276
v -0.111067 -0.199000 0.481386
vn 0.160558 -0.000000 0.987026
f 2458//2458 2459//2459 2460//2460
v -0.109685 -0.201000 0.481134
vn 0.197632 -0.000000 0.980276
v -0.108272 -0.201000 0.480822
vn 0.232489 -0.000000 0.972599
v -0.108272 -0.199000 0.480822
vn 0.232489 -0.000000 0.972599
f 2461//2461 2462//2462 2463//2463
v -0.109685 -0.201000 0.481134
vn 0.197632 -0.000000 0.980276
v -0.108272 -0.199000 0.480822
vn 0.232489 -0.000000 0.972599
v -0.109685 -0.199000 0.481134
vn 0.197632 -0.000000 0.980276
f 2464//2464 2465//2465 2466//2466
v -0.108272 -0.201000 0.480822
vn 0.232489 -0.000000 0.972599
v -0.106823 -0.201000 0.480449
vn 0.264835 -0.000000 0.964294
v -0.106823 -0.199000 0.480449
vn 0.264835 -0.000000 0.964294
f 2467//2467 2468//2468 2469//2469
v -0.108272 -0.201000 0.480822
vn 0.232489 -0.000000 0.972599
v -0.106823 -0.199000 0.480449
vn 0.264835 -0.000000 0.964294
v -0.108272 -0.199000 0.480822
vn 0.232489 -0.000000 0.972599
f 2470//2470 2471//2471 2472//2472
v -0.106823 -0.201000 0.480449
vn 0.264835 -0.000000 0.964294
v -0.105333 -0.201000 0.480014
vn 0.294506 -0.000000 0.955650
v -0.105333 -0.199000 0.480014
vn 0.294506 -0.000000 0.955650
f 2473//2473 2474//2474 2475//2475
v -0.106823 -0.201000 0.480449
vn 0.264835 -0.000000 0.964294
v -0.105333 -0.199000 0.480014
vn 0.294506 -0.000000 0.955650
v -0.106823 -0.199000 0.480449
vn 0.264835 -0.000000 0.964294
f 2476//2476 2477//2477 2478//2478
v -0.105333 -0.201000 0.480014
vn 0.294506 -0.000000 0.955650
v -0.103796 -0.201000 0.479515
vn 0.321440 -0.000000 0.946930
v -0.103796 -0.199000 0.479515
vn 0.321440 -0.000000 0.946930
f 2479//2479 2480//2480 2481//2481
v -0.105333 -0.201000 0.480014
vn 0.294506 -0.000000 0.955650
v -0.103796 -0.199000 0.479515
vn 0.321440 -0.000000 0.946930
v -0.105333 -0.199000 0.480014
vn 0.294506 -0.000000 0.955650
f 2482//2482 2483//2483 2484//2484
v -0.103796 -0.201000 0.479515
vn 0.321440 -0.000000 0.946930
v -0.102207 -0.201000 0.478952
vn 0.345669 -0.000000 0.938357
v -0.102207 -0.199000 0.478952
vn 0.345669 -0.000000 0.938357
f 2485//2485 2486//2486 2487//2487
v -0.103796 -0.201000 0.479515
vn 0.321440 -0.000000 0.946930
v -0.102207 -0.199000 0.478952
vn 0.345669 -0.000000 0.938357
v -0.103796 -0.199000 0.479515
vn 0.321440 -0.000000 0.946930
f 2488//2488 2489//2489 2490//2490
v -0.102207 -0.201000 0.478952
vn 0.345669 -0.000000 0.938357
v -0.100560 -0.201000 0.478322
vn 0.367288 -0.000000 0.930107
v -0.100560 -0.199000 0.478322
vn 0.367288 -0.000000 0.930107
f 2491//2491 2492//2492 2493//2493
v -0.102207 -0.201000 0.478952
vn 0.345669 -0.000000 0.938357
v -0.100560 -0.199000 0.478322
vn 0.367288 -0.000000 0.930107
v -0.102207 -0.199000 0.478952
vn 0.345669 -0.000000 0.938357
f 2494//2494 2495//2495 2496//2496
v -0.100560 -0.201000 0.478322
vn 0.367288 -0.000000 0.930107
v -0.098850 -0.201000 0.477625
vn 0.829892 -0.000000 0.557925
v -0.098850 -0.199000 0.477625
vn 0.829892 -0.000000 0.557925
f 2497//2497 2498//2498 2499//2499
v -0.100560 -0.201000 0.478322
vn 0.367288 -0.000000 0.930107
v -0.098850 -0.199000 0.477625
vn 0.829892 -0.000000 0.557925
v -0.100560 -0.199000 0.478322
vn 0.367288 -0.000000 0.930107
f 2500//2500 2501//2501 2502//2502
v -0.098850 -0.201000 0.477625
vn 0.829892 -0.000000 0.557925
v -0.098850 -0.201000 0.469750
vn 0.504649 0.000000 -0.863324
v -0.098850 -0.199000 0.469750
vn 0.504649 0.000000 -0.863324
f 2503//2503 2504//2504 2505//2505
v -0.098850 -0.201000 0.477625
vn 0.829892 -0.000000 0.557925
v -0.098850 -0.199000 0.469750
vn 0.504649 0.000000 -0.863324
v -0.098850 -0.199000 0.477625
vn 0.829892 -0.000000 0.557925
f 2506//2506 2507//2507 2508//2508
v -0.098850 -0.201000 0.469750
vn 0.504649 0.000000 -0.863324
v -0.100407 -0.201000 0.470627
vn -0.476288 0.000000 -0.879289
v -0.100407 -0.199000 0.470627
vn -0.476288 0.000000 -0.879289
f 2509//2509 2510//2510 2511//2511
v -0.098850 -0.201000 0.469750
vn 0.504649 0.000000 -0.863324
v -0.100407 -0.199000 0.470627
vn -0.476288 0.000000 -0.879289
v -0.098850 -0.199000 0.469750
vn 0.504649 0.000000 -0.863324
f 2512//2512 2513//2513 2514//2514
v -0.053325 -0.201000 0.430000
vn -0.707107 0.000000 -0.707107
v -0.053325 -0.201000 0.452275
vn -0.707107 0.000000 -0.707107
v -0.053325 -0.199000 0.452275
vn -0.707107 0.000000 -0.707107
f 2515//2515 2516//2516 2517//2517
v -0.053325 -0.201000 0.430000
vn -0.707107 0.000000 -0.707107
v -0.053325 -0.199000 0.452275
vn -0.707107 0.000000 -0.707107
v -0.053325 -0.199000 0.430000
vn -0.707107 0.000000 -0.707107
f 2518//2518 2519//2519 2520//2520
v -0.053325 -0.201000 0.452275
vn -0.707107 0.000000 -0.707107
v -0.081975 -0.201000 0.452275
vn 0.707107 0.000000 -0.707107
v -0.081975 -0.199000 0.452275
vn 0.707107 0.000000 -0.707107
f 2521//2521 2522//2522 2523//2523
v -0.053325 -0.201000 0.452275
vn -0.707107 0.000000 -0.707107
v -0.081975 -0.199000 0.452275
vn 0.707107 0.000000 -0.707107
v -0.053325 -0.199000 0.452275
vn -0.707107 0.000000 -0.707107
f 2524//2524 2525//2525 2526//2526
v -0.081975 -0.201000 0.452275
vn 0.707107 0.000000 -0.707107
v -0.081975 -0.201000 0.430000
vn 0.707107 0.000000 -0.707107
v -0.081975 -0.199000 0.430000
vn 0.707107 0.000000 -0.707107
f 2527//2527 2528//2528 2529//2529
v -0.081975 -0.201000 0.452275
vn 0.707107 0.000000 -0.707107
v -0.081975 -0.199000 0.430000
vn 0.707107 0.000000 -0.707107
v -0.081975 -0.199000 0.452275
vn 0.707107 0.000000 -0.707107
f 2530//2530 2531//2531 2532//2532
v -0.081975 -0.201000 0.430000
vn 0.707107 0.000000 -0.707107
v -0.089325 -0.201000 0.430000
vn -0.707107 0.000000 -0.707107
v -0.089325 -0.199000 0.430000
vn -0.707107 0.000000 -0.707107
f 2533//2533 2534//2534 2535//2535
v -0.081975 -0.201000 0.430000
vn 0.707107 0.000000 -0.707107
v -0.089325 -0.199000 0.430000
vn -0.707107 0.000000 -0.707107
v -0.081975 -0.199000 0.430000
vn 0.707107 0.000000 -0.707107
f 2536//2536 2537//2537 2538//2538
v -0.089325 -0.201000 0.430000
vn -0.707107 0.000000 -0.707107
v -0.089325 -0.201000 0.481150
vn -0.707107 -0.000000 0.707107
v -0.089325 -0.199000 0.481150
vn -0.707107 -0.000000 0.707107
f 2539//2539 2540//2540 2541//2541
v -0.089325 -0.201000 0.430000
vn -0.707107 0.000000 -0.707107
v -0.089325 -0.199000 0.481150
vn -0.707107 -0.000000 0.707107
v -0.089325 -0.199000 0.430000
vn -0.707107 0.000000 -0.707107
f 2542//2542 2543//2543 2544//2544
v -0.089325 -0.201000 0.481150
vn -0.707107 -0.000000 0.707107
v -0.081975 -0.201000 0.481150
vn 0.707107 -0.000000 0.707107
v -0.081975 -0.199000 0.481150
vn 0.707107 -0.000000 0.707107
f 2545//2545 2546//2546 2547//2547
v -0.089325 -0.201000 0.481150
vn -0.707107 -0.000000 0.707107
v -0.081975 -0.199000 0.481150
vn 0.707107 -0.000000 0.707107
v -0.089325 -0.199000 0.481150
vn -0.707107 -0.000000 0.707107
f 2548//2548 2549//2549 2550//2550
v -0.081975 -0.201000 0.481150
vn 0.707107 -0.000000 0.707107
v -0.081975 -0.201000 0.458875
vn 0.707107 -0.000000 0.707107
v -0.081975 -0.199000 0.458875
vn 0.707107 -0.000000 0.707107
f 2551//2551 2552//2552 2553//2553
v -0.081975 -0.201000 0.481150
vn 0.707107 -0.000000 0.707107
v -0.081975 -0.199000 0.458875
vn 0.707107 -0.000000 0.707107
v -0.081975 -0.199000 0.481150
vn 0.707107 -0.000000 0.707107
f 2554//2554 2555//2555 2556//2556
v -0.081975 -0.201000 0.458875
vn 0.707107 -0.000000 0.707107
v -0.053325 -0.201000 0.458875
vn -0.707107 -0.000000 0.707107
v -0.053325 -0.199000 0.458875
vn -0.707107 -0.000000 0.707107
f 2557//2557 2558//2558 2559//2559
v -0.081975 -0.201000 0.458875
vn 0.707107 -0.000000 0.707107
v -0.053325 -0.199000 0.458875
vn -0.707107 -0.000000 0.707107
v -0.081975 -0.199000 0.458875
vn 0.707107 -0.000000 0.707107
f 2560//2560 2561//2561 2562//2562
v -0.053325 -0.201000 0.458875
vn -0.707107 -0.000000 0.707107
v -0.053325 -0.201000 0.481150
vn -0.707107 -0.000000 0.707107
v -0.053325 -0.199000 0.481150
vn -0.707107 -0.000000 0.707107
f 2563//2563 2564//2564 2565//2565
v -0.053325 -0.201000 0.458875
vn -0.707107 -0.000000 0.707107
v -0.053325 -0.199000 0.481150
vn -0.707107 -0.000000 0.707107
v -0.053325 -0.199000 0.458875
vn -0.707107 -0.000000 0.707107
f 2566//2566 2567//2567 2568//2568
v -0.053325 -0.201000 0.481150
vn -0.707107 -0.000000 0.707107
v -0.045975 -0.201000 0.481150
vn 0.707107 -0.000000 0.707107
v -0.045975 -0.199000 0.481150
vn 0.707107 -0.000000 0.707107
f 2569//2569 2570//2570 2571//2571
v -0.053325 -0.201000 0.481150
vn -0.707107 -0.000000 0.707107
v -0.045975 -0.199000 0.481150
vn 0.707107 -0.000000 0.707107
v -0.053325 -0.199000 0.481150
vn -0.707107 -0.000000 0.707107
f 2572//2572 2573//2573 2574//2574
v -0.045975 -0.201000 0.481150
vn 0.707107 -0.000000 0.707107
v -0.045975 -0.201000 0.430000
vn 0.707107 0.000000 -0.707107
v -0.045975 -0.199000 0.430000
vn 0.707107 0.000000 -0.707107
f 2575//2575 2576//2576 2577//2577
v -0.045975 -0.201000 0.481150
vn 0.707107 -0.000000 0.707107
v -0.045975 -0.199000 0.430000
vn 0.707107 0.000000 -0.707107
v -0.045975 -0.199000 0.481150
vn 0.707107 -0.000000 0.707107
f 2578//2578 2579//2579 2580//2580
v -0.045975 -0.201000 0.430000
vn 0.707107 0.000000 -0.707107
v -0.053325 -0.201000 0.430000
vn -0.707107 0.000000 -0.707107
v -0.053325 -0.199000 0.430000
vn -0.707107 0.000000 -0.707107
f 2581//2581 2582//2582 2583//2583
v -0.045975 -0.201000 0.430000
vn 0.707107 0.000000 -0.707107
v -0.053325 -0.199000 0.430000
vn -0.707107 0.000000 -0.707107
v -0.045975 -0.199000 0.430000
vn 0.707107 0.000000 -0.707107
f 2584//2584 2585//2585 2586//2586
v 0.002250 -0.201000 0.430000
vn -0.542016 0.000000 -0.840368
v -0.004575 -0.201000 0.445075
vn -0.542016 0.000000 -0.840368
v -0.004575 -0.199000 0.445075
vn -0.542016 0.000000 -0.840368
f 2587//2587 2588//2588 2589//2589
v 0.002250 -0.201000 0.430000
vn -0.542016 0.000000 -0.840368
v -0.004575 -0.199000 0.445075
vn -0.542016 0.000000 -0.840368
v 0.002250 -0.199000 0.430000
vn -0.542016 0.000000 -0.840368
f 2590//2590 2591//2591 2592//2592
v -0.004575 -0.201000 0.445075
vn -0.542016 0.000000 -0.840368
v -0.026325 -0.201000 0.445075
vn 0.550742 0.000000 -0.834676
v -0.026325 -0.199000 0.445075
vn 0.550742 0.000000 -0.834676
f 2593//2593 2594//2594 2595//2595
v -0.004575 -0.201000 0.445075
vn -0.542016 0.000000 -0.840368
v -0.026325 -0.199000 0.445075
vn 0.550742 0.000000 -0.834676
v -0.004575 -0.199000 0.445075
vn -0.542016 0.000000 -0.840368
f 2596//2596 2597//2597 2598//2598
v -0.026325 -0.201000 0.445075
vn 0.550742 0.000000 -0.834676
v -0.032775 -0.201000 0.430000
vn 0.550742 0.000000 -0.834676
v -0.032775 -0.199000 0.430000
vn 0.550742 0.000000 -0.834676
f 2599//2599 2600//2600 2601//2601
v -0.026325 -0.201000 0.445075
vn 0.550742 0.000000 -0.834676
v -0.032775 -0.199000 0.430000
vn 0.550742 0.000000 -0.834676
v -0.026325 -0.199000 0.445075
vn 0.550742 0.000000 -0.834676
f 2602//2602 2603//2603 2604//2604
v -0.032775 -0.201000 0.430000
vn 0.550742 0.000000 -0.834676
v -0.040275 -0.201000 0.430000
vn -0.834502 0.000000 -0.551005
v -0.040275 -0.199000 0.430000
vn -0.834502 0.000000 -0.551005
f 2605//2605 2606//2606 2607//2607
v -0.032775 -0.201000 0.430000
vn 0.550742 0.000000 -0.834676
v -0.040275 -0.199000 0.430000
vn -0.834502 0.000000 -0.551005
v -0.032775 -0.199000 0.430000
vn 0.550742 0.000000 -0.834676
f 2608//2608 2609//2609 2610//2610
v -0.040275 -0.201000 0.430000
vn -0.834502 0.000000 -0.551005
v -0.018300 -0.201000 0.481450
vn -0.551005 -0.000000 0.834502
v -0.018300 -0.199000 0.481450
vn -0.551005 -0.000000 0.834502
f 2611//2611 2612//2612 2613//2613
v -0.040275 -0.201000 0.430000
vn -0.834502 0.000000 -0.551005
v -0.018300 -0.199000 0.481450
vn -0.551005 -0.000000 0.834502
v -0.040275 -0.199000 0.430000
vn -0.834502 0.000000 -0.551005
f 2614//2614 2615//2615 2616//2616
v -0.018300 -0.201000 0.481450
vn -0.551005 -0.000000 0.834502
v -0.013125 -0.201000 0.481450
vn 0.544857 -0.000000 0.838529
v -0.013125 -0.199000 0.481450
vn 0.544857 -0.000000 0.838529
f 2617//2617 2618//2618 2619//2619
v -0.018300 -0.201000 0.481450
vn -0.551005 -0.000000 0.834502
v -0.013125 -0.199000 0.481450
vn 0.544857 -0.000000 0.838529
v -0.018300 -0.199000 0.481450
vn -0.551005 -0.000000 0.834502
f 2620//2620 2621//2621 2622//2622
v -0.013125 -0.201000 0.481450
vn 0.544857 -0.000000 0.838529
v 0.009750 -0.201000 0.430000
vn 0.838529 0.000000 -0.544857
v 0.009750 -0.199000 0.430000
vn 0.838529 0.000000 -0.544857
f 2623//2623 2624//2624 2625//2625
v -0.013125 -0.201000 0.481450
vn 0.544857 -0.000000 0.838529
v 0.009750 -0.199000 0.430000
vn 0.838529 0.000000 -0.544857
v -0.013125 -0.199000 0.481450
vn 0.544857 -0.000000 0.838529
f 2626//2626 2627//2627 2628//2628
v 0.009750 -0.201000 0.430000
vn 0.838529 0.000000 -0.544857
v 0.002250 -0.201000 0.430000
vn -0.542016 0.000000 -0.840368
v 0.002250 -0.199000 0.430000
vn -0.542016 0.000000 -0.840368
f 2629//2629 2630//2630 2631//2631
v 0.009750 -0.201000 0.430000
vn 0.838529 0.000000 -0.544857
v 0.002250 -0.199000 0.430000
vn -0.542016 0.000000 -0.840368
v 0.009750 -0.199000 0.430000
vn 0.838529 0.000000 -0.544857
f 2632//2632 2633//2633 2634//2634
v -0.007575 -0.201000 0.451675
vn -0.838697 -0.000000 0.544599
v -0.015825 -0.201000 0.470200
vn 0.013675 0.000000 -0.999906
v -0.015825 -0.199000 0.470200
vn 0.013675 0.000000 -0.999906
f 2635//2635 2636//2636 2637//2637
v -0.007575 -0.201000 0.451675
vn -0.838697 -0.000000 0.544599
v -0.015825 -0.199000 0.470200
vn 0.013675 0.000000 -0.999906
v -0.007575 -0.199000 0.451675
vn -0.838697 -0.000000 0.544599
f 2638//2638 2639//2639 2640//2640
v -0.015825 -0.201000 0.470200
vn 0.013675 0.000000 -0.999906
v -0.023475 -0.201000 0.451675
vn 0.831171 -0.000000 0.556017
v -0.023475 -0.199000 0.451675
vn 0.831171 -0.000000 0.556017
f 2641//2641 2642//2642 2643//2643
v -0.015825 -0.201000 0.470200
vn 0.013675 0.000000 -0.999906
v -0.023475 -0.199000 0.451675
vn 0.831171 -0.000000 0.556017
v -0.015825 -0.199000 0.470200
vn 0.013675 0.000000 -0.999906
f 2644//2644 2645//2645 2646//2646
v -0.023475 -0.201000 0.451675
vn 0.831171 -0.000000 0.556017
v -0.007575 -0.201000 0.451675
vn -0.838697 -0.000000 0.544599
v -0.007575 -0.199000 0.451675
vn -0.838697 -0.000000 0.544599
f 2647//2647 2648//2648 2649//2649
v -0.023475 -0.201000 0.451675
vn 0.831171 -0.000000 0.556017
v -0.007575 -0.199000 0.451675
vn -0.838697 -0.000000 0.544599
v -0.023475 -0.199000 0.451675
vn 0.831171 -0.000000 0.556017
f 2650//2650 2651//2651 2652//2652
v 0.030930 -0.201000 0.481037
vn 0.093393 -0.000000 0.995629
v 0.033263 -0.201000 0.480703
vn 0.194214 -0.000000 0.980959
v 0.033263 -0.199000 0.480704
vn 0.194214 -0.000000 0.980959
f 2653//2653 2654//2654 2655//2655
v 0.030930 -0.201000 0.481037
vn 0.093393 -0.000000 0.995629
v 0.033263 -0.199000 0.480704
vn 0.194214 -0.000000 0.980959
v 0.030930 -0.199000 0.481037
vn 0.093393 -0.000000 0.995629
f 2656//2656 2657//2657 2658//2658
v 0.033263 -0.201000 0.480703
vn 0.194214 -0.000000 0.980959
v 0.035416 -0.201000 0.480156
vn 0.302760 -0.000000 0.953067
v 0.035416 -0.199000 0.480156
vn 0.302760 -0.000000 0.953067
f 2659//2659 2660//2660 2661//2661
v 0.033263 -0.201000 0.480703
vn 0.194214 -0.000000 0.980959
v 0.035416 -0.199000 0.480156
vn 0.302760 -0.000000 0.953067
v 0.033263 -0.199000 0.480704
vn 0.194214 -0.000000 0.980959
f 2662//2662 2663//2663 2664//2664
v 0.035416 -0.201000 0.480156
vn 0.302760 -0.000000 0.953067
v 0.037381 -0.201000 0.479403
vn 0.417256 -0.000000 0.908789
v 0.037381 -0.199000 0.479403
vn 0.417256 -0.000000 0.908789
f 2665//2665 2666//2666 2667//2667
v 0.035416 -0.201000 0.480156
vn 0.302760 -0.000000 0.953067
v 0.037381 -0.199000 0.479403
vn 0.417256 -0.000000 0.908789
v 0.035416 -0.199000 0.480156
vn 0.302760 -0.000000 0.953067
f 2668//2668 2669//2669 2670//2670
v 0.037381 -0.201000 0.479403
vn 0.417256 -0.000000 0.908789
v 0.039147 -0.201000 0.478450
vn 0.534360 -0.000000 0.845257
v 0.039147 -0.199000 0.478450
vn 0.534360 -0.000000 0.845257
f 2671//2671 2672//2672 2673//2673
v 0.037381 -0.201000 0.479403
vn 0.417256 -0.000000 0.908789
v 0.039147 -0.199000 0.478450
vn 0.534360 -0.000000 0.845257
v 0.037381 -0.199000 0.479403
vn 0.417256 -0.000000 0.908789
f 2674//2674 2675//2675 2676//2676
v 0.039147 -0.201000 0.478450
vn 0.534360 -0.000000 0.845257
v 0.040706 -0.201000 0.477306
vn 0.649024 -0.000000 0.760768
v 0.040706 -0.199000 0.477306
vn 0.649024 -0.000000 0.760768
f 2677//2677 2678//2678 2679//2679
v 0.039147 -0.201000 0.478450
vn 0.534360 -0.000000 0.845257
v 0.040706 -0.199000 0.477306
vn 0.649024 -0.000000 0.760768
v 0.039147 -0.199000 0.478450
vn 0.534360 -0.000000 0.845257
f 2680//2680 2681//2681 2682//2682
v 0.040706 -0.201000 0.477306
vn 0.649024 -0.000000 0.760768
v 0.042050 -0.201000 0.475978
vn 0.754941 -0.000000 0.655793
v 0.042050 -0.199000 0.475978
vn 0.754941 -0.000000 0.655793
f 2683//2683 2684//2684 2685//2685
v 0.040706 -0.201000 0.477306
vn 0.649024 -0.000000 0.760768
v 0.042050 -0.199000 0.475978
vn 0.754941 -0.000000 0.655793
v 0.040706 -0.199000 0.477306
vn 0.649024 -0.000000 0.760768
f 2686//2686 2687//2687 2688//2688
v 0.042050 -0.201000 0.475978
vn 0.754941 -0.000000 0.655793
v 0.043169 -0.201000 0.474472
vn 0.845715 -0.000000 0.533635
v 0.043169 -0.199000 0.474472
vn 0.845715 -0.000000 0.533635
f 2689//2689 2690//2690 2691//2691
v 0.042050 -0.201000 0.475978
vn 0.754941 -0.000000 0.655793
v 0.043169 -0.199000 0.474472
vn 0.845715 -0.000000 0.533635
v 0.042050 -0.199000 0.475978
vn 0.754941 -0.000000 0.655793
f 2692//2692 2693//2693 2694//2694
v 0.043169 -0.201000 0.474472
vn 0.845715 -0.000000 0.533635
v 0.044055 -0.201000 0.472797
vn 0.916436 -0.000000 0.400181
v 0.044055 -0.199000 0.472797
vn 0.916436 -0.000000 0.400181
f 2695//2695 2696//2696 2697//2697
v 0.043169 -0.201000 0.474472
vn 0.845715 -0.000000 0.533635
v 0.044055 -0.199000 0.472797
vn 0.916436 -0.000000 0.400181
v 0.043169 -0.199000 0.474472
vn 0.845715 -0.000000 0.533635
f 2698//2698 2699//2699 2700//2700
v 0.044055 -0.201000 0.472797
vn 0.916436 -0.000000 0.400181
v 0.044699 -0.201000 0.470959
vn 0.964889 -0.000000 0.262657
v 0.044699 -0.199000 0.470959
vn 0.964889 -0.000000 0.262657
f 2701//2701 2702//2702 2703//2703
v 0.044055 -0.201000 0.472797
vn 0.916436 -0.000000 0.400181
v 0.044699 -0.199000 0.470959
vn 0.964889 -0.000000 0.262657
v 0.044055 -0.199000 0.472797
vn 0.916436 -0.000000 0.400181
f 2704//2704 2705//2705 2706//2706
v 0.044699 -0.201000 0.470959
vn 0.964889 -0.000000 0.262657
v 0.045092 -0.201000 0.468966
vn 0.991782 -0.000000 0.127939
v 0.045092 -0.199000 0.468966
vn 0.991782 -0.000000 0.127939
f 2707//2707 2708//2708 2709//2709
v 0.044699 -0.201000 0.470959
vn 0.964889 -0.000000 0.262657
v 0.045092 -0.199000 0.468966
vn 0.991782 -0.000000 0.127939
v 0.044699 -0.199000 0.470959
vn 0.964889 -0.000000 0.262657
f 2710//2710 2711//2711 2712//2712
v 0.045092 -0.201000 0.468966
vn 0.991782 -0.000000 0.127939
v 0.045225 -0.201000 0.466825
vn 0.999959 -0.000000 0.009051
v 0.045225 -0.199000 0.466825
vn 0.999959 -0.000000 0.009051
f 2713//2713 2714//2714 2715//2715
v 0.045092 -0.201000 0.468966
vn 0.991782 -0.000000 0.127939
v 0.045225 -0.199000 0.466825
vn 0.999959 -0.000000 0.009051
v 0.045092 -0.199000 0.468966
vn 0.991782 -0.000000 0.127939
f 2716//2716 2717//2717 2718//2718
v 0.045225 -0.201000 0.466825
vn 0.999959 -0.000000 0.009051
v 0.045161 -0.201000 0.465375
vn 0.995958 0.000000 -0.089823
v 0.045161 -0.199000 0.465375
vn 0.995958 0.000000 -0.089823
f 2719//2719 2720//2720 2721//2721
v 0.045225 -0.201000 0.466825
vn 0.999959 -0.000000 0.009051
v 0.045161 -0.199000 0.465375
vn 0.995958 0.000000 -0.089823
v 0.045225 -0.199000 0.466825
vn 0.999959 -0.000000 0.009051
f 2722//2722 2723//2723 2724//2724
v 0.045161 -0.201000 0.465375
vn 0.995958 0.000000 -0.089823
v 0.044972 -0.201000 0.463991
vn 0.983001 0.000000 -0.183599
v 0.044972 -0.199000 0.463991
vn 0.983001 0.000000 -0.183599
f 2725//2725 2726//2726 2727//2727
v 0.045161 -0.201000 0.465375
vn 0.995958 0.000000 -0.089823
v 0.044972 -0.199000 0.463991
vn 0.983001 0.000000 -0.183599
v 0.045161 -0.199000 0.465375
vn 0.995958 0.000000 -0.089823
f 2728//2728 2729//2729 2730//2730
v 0.044972 -0.201000 0.463991
vn 0.983001 0.000000 -0.183599
v 0.044659 -0.201000 0.462674
vn 0.959893 0.000000 -0.280365
v 0.044659 -0.199000 0.462674
vn 0.959893 0.000000 -0.280365
f 2731//2731 2732//2732 2733//2733
v 0.044972 -0.201000 0.463991
vn 0.983001 0.000000 -0.183599
v 0.044659 -0.199000 0.462674
vn 0.959893 0.000000 -0.280365
v 0.044972 -0.199000 0.463991
vn 0.983001 0.000000 -0.183599
f 2734//2734 2735//2735 2736//2736
v 0.044659 -0.201000 0.462674
vn 0.959893 0.000000 -0.280365
v 0.044225 -0.201000 0.461428
vn 0.925812 0.000000 -0.377984
v 0.044225 -0.199000 0.461428
vn 0.925812 0.000000 -0.377984
f 2737//2737 2738//2738 2739//2739
v 0.044659 -0.201000 0.462674
vn 0.959893 0.000000 -0.280365
v 0.044225 -0.199000 0.461428
vn 0.925812 0.000000 -0.377984
v 0.044659 -0.199000 0.462674
vn 0.959893 0.000000 -0.280365
f 2740//2740 2741//2741 2742//2742
v 0.044225 -0.201000 0.461428
vn 0.925812 0.000000 -0.377984
v 0.043672 -0.201000 0.460254
vn 0.880562 0.000000 -0.473930
v 0.043672 -0.199000 0.460254
vn 0.880562 0.000000 -0.473930
f 2743//2743 2744//2744 2745//2745
v 0.044225 -0.201000 0.461428
vn 0.925812 0.000000 -0.377984
v 0.043672 -0.199000 0.460254
vn 0.880562 0.000000 -0.473930
v 0.044225 -0.199000 0.461428
vn 0.925812 0.000000 -0.377984
f 2746//2746 2747//2747 2748//2748
v 0.043672 -0.201000 0.460254
vn 0.880562 0.000000 -0.473930
v 0.043003 -0.201000 0.459156
vn 0.824714 0.000000 -0.565549
v 0.043003 -0.199000 0.459156
vn 0.824714 0.000000 -0.565549
f 2749//2749 2750//2750 2751//2751
v 0.043672 -0.201000 0.460254
vn 0.880562 0.000000 -0.473930
v 0.043003 -0.199000 0.459156
vn 0.824714 0.000000 -0.565549
v 0.043672 -0.199000 0.460254
vn 0.880562 0.000000 -0.473930
f 2752//2752 2753//2753 2754//2754
v 0.043003 -0.201000 0.459156
vn 0.824714 0.000000 -0.565549
v 0.042220 -0.201000 0.458136
vn 0.759608 0.000000 -0.650381
v 0.042220 -0.199000 0.458136
vn 0.759608 0.000000 -0.650381
f 2755//2755 2756//2756 2757//2757
v 0.043003 -0.201000 0.459156
vn 0.824714 0.000000 -0.565549
v 0.042220 -0.199000 0.458136
vn 0.759608 0.000000 -0.650381
v 0.043003 -0.199000 0.459156
vn 0.824714 0.000000 -0.565549
f 2758//2758 2759//2759 2760//2760
v 0.042220 -0.201000 0.458136
vn 0.759608 0.000000 -0.650381
v 0.041325 -0.201000 0.457197
vn 0.687199 0.000000 -0.726469
v 0.041325 -0.199000 0.457197
vn 0.687199 0.000000 -0.726469
f 2761//2761 2762//2762 2763//2763
v 0.042220 -0.201000 0.458136
vn 0.759608 0.000000 -0.650381
v 0.041325 -0.199000 0.457197
vn 0.687199 0.000000 -0.726469
v 0.042220 -0.199000 0.458136
vn 0.759608 0.000000 -0.650381
f 2764//2764 2765//2765 2766//2766
v 0.041325 -0.201000 0.457197
vn 0.687199 0.000000 -0.726469
v 0.040321 -0.201000 0.456341
vn 0.609789 0.000000 -0.792563
v 0.040321 -0.199000 0.456341
vn 0.609789 0.000000 -0.792563
f 2767//2767 2768//2768 2769//2769
v 0.041325 -0.201000 0.457197
vn 0.687199 0.000000 -0.726469
v 0.040321 -0.199000 0.456341
vn 0.609789 0.000000 -0.792563
v 0.041325 -0.199000 0.457197
vn 0.687199 0.000000 -0.726469
f 2770//2770 2771//2771 2772//2772
v 0.040321 -0.201000 0.456341
vn 0.609789 0.000000 -0.792563
v 0.039209 -0.201000 0.455572
vn 0.529730 0.000000 -0.848166
v 0.039209 -0.199000 0.455572
vn 0.529730 0.000000 -0.848166
f 2773//2773 2774//2774 2775//2775
v 0.040321 -0.201000 0.456341
vn 0.609789 0.000000 -0.792563
v 0.039209 -0.199000 0.455572
vn 0.529730 0.000000 -0.848166
v 0.040321 -0.199000 0.456341
vn 0.609789 0.000000 -0.792563
f 2776//2776 2777//2777 2778//2778
v 0.039209 -0.201000 0.455572
vn 0.529730 0.000000 -0.848166
v 0.037993 -0.201000 0.454890
vn 0.449153 0.000000 -0.893455
v 0.037993 -0.199000 0.454890
vn 0.449153 0.000000 -0.893455
f 2779//2779 2780//2780 2781//2781
v 0.039209 -0.201000 0.455572
vn 0.529730 0.000000 -0.848166
v 0.037993 -0.199000 0.454890
vn 0.449153 0.000000 -0.893455
v 0.039209 -0.199000 0.455572
vn 0.529730 0.000000 -0.848166
f 2782//2782 2783//2783 2784//2784
v 0.037993 -0.201000 0.454890
vn 0.449153 0.000000 -0.893455
v 0.036675 -0.201000 0.454300
vn 0.995085 0.000000 -0.099027
v 0.036675 -0.199000 0.454300
vn 0.995085 0.000000 -0.099027
f 2785//2785 2786//2786 2787//2787
v 0.037993 -0.201000 0.454890
vn 0.449153 0.000000 -0.893455
v 0.036675 -0.199000 0.454300
vn 0.995085 0.000000 -0.099027
v 0.037993 -0.199000 0.454890
vn 0.449153 0.000000 -0.893455
f 2788//2788 2789//2789 2790//2790
v 0.036675 -0.201000 0.454300
vn 0.995085 0.000000 -0.099027
v 0.037802 -0.201000 0.453497
vn 0.607931 -0.000000 0.793990
v 0.037802 -0.199000 0.453497
vn 0.607931 -0.000000 0.793990
f 2791//2791 2792//2792 2793//2793
v 0.036675 -0.201000 0.454300
vn 0.995085 0.000000 -0.099027
v 0.037802 -0.199000 0.453497
vn 0.607931 -0.000000 0.793990
v 0.036675 -0.199000 0.454300
vn 0.995085 0.000000 -0.099027
f 2794//2794 2795//2795 2796//2796
v 0.037802 -0.201000 0.453497
vn 0.607931 -0.000000 0.793990
v 0.038863 -0.201000 0.452625
vn 0.659111 -0.000000 0.752046
v 0.038863 -0.199000 0.452625
vn 0.659111 -0.000000 0.752046
f 2797//2797 2798//2798 2799//2799
v 0.037802 -0.201000 0.453497
vn 0.607931 -0.000000 0.793990
v 0.038863 -0.199000 0.452625
vn 0.659111 -0.000000 0.752046
v 0.037802 -0.199000 0.453497
vn 0.607931 -0.000000 0.793990
f 2800//2800 2801//2801 2802//2802
v 0.038863 -0.201000 0.452625
vn 0.659111 -0.000000 0.752046
v 0.039870 -0.201000 0.451684
vn 0.703846 -0.000000 0.710353
v 0.039870 -0.199000 0.451684
vn 0.703846 -0.000000 0.710353
f 2803//2803 2804//2804 2805//2805
v 0.038863 -0.201000 0.452625
vn 0.659111 -0.000000 0.752046
v 0.039870 -0.199000 0.451684
vn 0.703846 -0.000000 0.710353
v 0.038863 -0.199000 0.452625
vn 0.659111 -0.000000 0.752046
f 2806//2806 2807//2807 2808//2808
v 0.039870 -0.201000 0.451684
vn 0.703846 -0.000000 0.710353
v 0.040831 -0.201000 0.450675
vn 0.741732 -0.000000 0.670696
v 0.040831 -0.199000 0.450675
vn 0.741732 -0.000000 0.670696
f 2809//2809 2810//2810 2811//2811
v 0.039870 -0.201000 0.451684
vn 0.703846 -0.000000 0.710353
v 0.040831 -0.199000 0.450675
vn 0.741732 -0.000000 0.670696
v 0.039870 -0.199000 0.451684
vn 0.703846 -0.000000 0.710353
f 2812//2812 2813//2813 2814//2814
v 0.040831 -0.201000 0.450675
vn 0.741732 -0.000000 0.670696
v 0.041756 -0.201000 0.449597
vn 0.772885 -0.000000 0.634546
v 0.041756 -0.199000 0.449597
vn 0.772885 -0.000000 0.634546
f 2815//2815 2816//2816 2817//2817
v 0.040831 -0.201000 0.450675
vn 0.741732 -0.000000 0.670696
v 0.041756 -0.199000 0.449597
vn 0.772885 -0.000000 0.634546
v 0.040831 -0.199000 0.450675
vn 0.741732 -0.000000 0.670696
f 2818//2818 2819//2819 2820//2820
v 0.041756 -0.201000 0.449597
vn 0.772885 -0.000000 0.634546
v 0.042656 -0.201000 0.448450
vn 0.797773 -0.000000 0.602958
v 0.042656 -0.199000 0.448450
vn 0.797773 -0.000000 0.602958
f 2821//2821 2822//2822 2823//2823
v 0.041756 -0.201000 0.449597
vn 0.772885 -0.000000 0.634546
v 0.042656 -0.199000 0.448450
vn 0.797773 -0.000000 0.602958
v 0.041756 -0.199000 0.449597
vn 0.772885 -0.000000 0.634546
f 2824//2824 2825//2825 2826//2826
v 0.042656 -0.201000 0.448450
vn 0.797773 -0.000000 0.602958
v 0.043541 -0.201000 0.447234
vn 0.817056 -0.000000 0.576558
v 0.043541 -0.199000 0.447234
vn 0.817056 -0.000000 0.576558
f 2827//2827 2828//2828 2829//2829
v 0.042656 -0.201000 0.448450
vn 0.797773 -0.000000 0.602958
v 0.043541 -0.199000 0.447234
vn 0.817056 -0.000000 0.576558
v 0.042656 -0.199000 0.448450
vn 0.797773 -0.000000 0.602958
f 2830//2830 2831//2831 2832//2832
v 0.043541 -0.201000 0.447234
vn 0.817056 -0.000000 0.576558
v 0.044419 -0.201000 0.445950
vn 0.831455 -0.000000 0.555592
v 0.044419 -0.199000 0.445950
vn 0.831455 -0.000000 0.555592
f 2833//2833 2834//2834 2835//2835
v 0.043541 -0.201000 0.447234
vn 0.817056 -0.000000 0.576558
v 0.044419 -0.199000 0.445950
vn 0.831455 -0.000000 0.555592
v 0.043541 -0.199000 0.447234
vn 0.817056 -0.000000 0.576558
f 2836//2836 2837//2837 2838//2838
v 0.044419 -0.201000 0.445950
vn 0.831455 -0.000000 0.555592
v 0.045302 -0.201000 0.444597
vn 0.841657 -0.000000 0.540013
v 0.045302 -0.199000 0.444597
vn 0.841657 -0.000000 0.540013
f 2839//2839 2840//2840 2841//2841
v 0.044419 -0.201000 0.445950
vn 0.831455 -0.000000 0.555592
v 0.045302 -0.199000 0.444597
vn 0.841657 -0.000000 0.540013
v 0.044419 -0.199000 0.445950
vn 0.831455 -0.000000 0.555592
f 2842//2842 2843//2843 2844//2844
v 0.045302 -0.201000 0.444597
vn 0.841657 -0.000000 0.540013
v 0.046199 -0.201000 0.443175
vn 0.848265 -0.000000 0.529572
v 0.046199 -0.199000 0.443175
vn 0.848265 -0.000000 0.529572
f 2845//2845 2846//2846 2847//2847
v 0.045302 -0.201000 0.444597
vn 0.841657 -0.000000 0.540013
v 0.046199 -0.199000 0.443175
vn 0.848265 -0.000000 0.529572
v 0.045302 -0.199000 0.444597
vn 0.841657 -0.000000 0.540013
f 2848//2848 2849//2849 2850//2850
v 0.046199 -0.201000 0.443175
vn 0.848265 -0.000000 0.529572
v 0.047120 -0.201000 0.441684
vn 0.851789 -0.000000 0.523885
v 0.047120 -0.199000 0.441684
vn 0.851789 -0.000000 0.523885
f 2851//2851 2852//2852 2853//2853
v 0.046199 -0.201000 0.443175
vn 0.848265 -0.000000 0.529572
v 0.047120 -0.199000 0.441684
vn 0.851789 -0.000000 0.523885
v 0.046199 -0.199000 0.443175
vn 0.848265 -0.000000 0.529572
f 2854//2854 2855//2855 2856//2856
v 0.047120 -0.201000 0.441684
vn 0.851789 -0.000000 0.523885
v 0.048075 -0.201000 0.440125
vn 0.850942 -0.000000 0.525259
v 0.048075 -0.199000 0.440125
vn 0.850942 -0.000000 0.525259
f 2857//2857 2858//2858 2859//2859
v 0.047120 -0.201000 0.441684
vn 0.851789 -0.000000 0.523885
v 0.048075 -0.199000 0.440125
vn 0.850942 -0.000000 0.525259
v 0.047120 -0.199000 0.441684
vn 0.851789 -0.000000 0.523885
f 2860//2860 2861//2861 2862//2862
v 0.048075 -0.201000 0.440125
vn 0.850942 -0.000000 0.525259
v 0.048602 -0.201000 0.439278
vn 0.846770 -0.000000 0.531959
v 0.048602 -0.199000 0.439278
vn 0.846770 -0.000000 0.531959
f 2863//2863 2864//2864 2865//2865
v 0.048075 -0.201000 0.440125
vn 0.850942 -0.000000 0.525259
v 0.048602 -0.199000 0.439278
vn 0.846770 -0.000000 0.531959
v 0.048075 -0.199000 0.440125
vn 0.850942 -0.000000 0.525259
f 2866//2866 2867//2867 2868//2868
v 0.048602 -0.201000 0.439278
vn 0.846770 -0.000000 0.531959
v 0.049102 -0.201000 0.438490
vn 0.841905 -0.000000 0.539625
v 0.049102 -0.199000 0.438490
vn 0.841905 -0.000000 0.539625
f 2869//2869 2870//2870 2871//2871
v 0.048602 -0.201000 0.439278
vn 0.846770 -0.000000 0.531959
v 0.049102 -0.199000 0.438490
vn 0.841905 -0.000000 0.539625
v 0.048602 -0.199000 0.439278
vn 0.846770 -0.000000 0.531959
f 2872//2872 2873//2873 2874//2874
v 0.049102 -0.201000 0.438490
vn 0.841905 -0.000000 0.539625
v 0.049587 -0.201000 0.437741
vn 0.836538 -0.000000 0.547909
v 0.049587 -0.199000 0.437741
vn 0.836538 -0.000000 0.547909
f 2875//2875 2876//2876 2877//2877
v 0.049102 -0.201000 0.438490
vn 0.841905 -0.000000 0.539625
v 0.049587 -0.199000 0.437741
vn 0.836538 -0.000000 0.547909
v 0.049102 -0.199000 0.438490
vn 0.841905 -0.000000 0.539625
f 2878//2878 2879//2879 2880//2880
v 0.049587 -0.201000 0.437741
vn 0.836538 -0.000000 0.547909
v 0.050067 -0.201000 0.437017
vn 0.830985 -0.000000 0.556295
v 0.050067 -0.199000 0.437017
vn 0.830985 -0.000000 0.556295
f 2881//2881 2882//2882 2883//2883
v 0.049587 -0.201000 0.437741
vn 0.836538 -0.000000 0.547909
v 0.050067 -0.199000 0.437017
vn 0.830985 -0.000000 0.556295
v 0.049587 -0.199000 0.437741
vn 0.836538 -0.000000 0.547909
f 2884//2884 2885//2885 2886//2886
v 0.050067 -0.201000 0.437017
vn 0.830985 -0.000000 0.556295
v 0.050553 -0.201000 0.436298
vn 0.825627 -0.000000 0.564217
v 0.050553 -0.199000 0.436298
vn 0.825627 -0.000000 0.564217
f 2887//2887 2888//2888 2889//2889
v 0.050067 -0.201000 0.437017
vn 0.830985 -0.000000 0.556295
v 0.050553 -0.199000 0.436298
vn 0.825627 -0.000000 0.564217
v 0.050067 -0.199000 0.437017
vn 0.830985 -0.000000 0.556295
f 2890//2890 2891//2891 2892//2892
v 0.050553 -0.201000 0.436298
vn 0.825627 -0.000000 0.564217
v 0.051056 -0.201000 0.435569
vn 0.820831 -0.000000 0.571171
v 0.051056 -0.199000 0.435569
vn 0.820831 -0.000000 0.571171
f 2893//2893 2894//2894 2895//2895
v 0.050553 -0.201000 0.436298
vn 0.825627 -0.000000 0.564217
v 0.051056 -0.199000 0.435569
vn 0.820831 -0.000000 0.571171
v 0.050553 -0.199000 0.436298
vn 0.825627 -0.000000 0.564217
f 2896//2896 2897//2897 2898//2898
v 0.051056 -0.201000 0.435569
vn 0.820831 -0.000000 0.571171
v 0.051588 -0.201000 0.434811
vn 0.816871 -0.000000 0.576820
v 0.051588 -0.199000 0.434811
vn 0.816871 -0.000000 0.576820
f 2899//2899 2900//2900 2901//2901
v 0.051056 -0.201000 0.435569
vn 0.820831 -0.000000 0.571171
v 0.051588 -0.199000 0.434811
vn 0.816871 -0.000000 0.576820
v 0.051056 -0.199000 0.435569
vn 0.820831 -0.000000 0.571171
f 2902//2902 2903//2903 2904//2904
v 0.051588 -0.201000 0.434811
vn 0.816871 -0.000000 0.576820
v 0.052158 -0.201000 0.434008
vn 0.813885 -0.000000 0.581026
v 0.052158 -0.199000 0.434008
vn 0.813885 -0.000000 0.581026
f 2905//2905 2906//2906 2907//2907
v 0.051588 -0.201000 0.434811
vn 0.816871 -0.000000 0.576820
v 0.052158 -0.199000 0.434008
vn 0.813885 -0.000000 0.581026
v 0.051588 -0.199000 0.434811
vn 0.816871 -0.000000 0.576820
f 2908//2908 2909//2909 2910//2910
v 0.052158 -0.201000 0.434008
vn 0.813885 -0.000000 0.581026
v 0.052779 -0.201000 0.433143
vn 0.811870 -0.000000 0.583839
v 0.052779 -0.199000 0.433143
vn 0.811870 -0.000000 0.583839
f 2911//2911 2912//2912 2913//2913
v 0.052158 -0.201000 0.434008
vn 0.813885 -0.000000 0.581026
v 0.052779 -0.199000 0.433143
vn 0.811870 -0.000000 0.583839
v 0.052158 -0.199000 0.434008
vn 0.813885 -0.000000 0.581026
f 2914//2914 2915//2915 2916//2916
v 0.052779 -0.201000 0.433143
vn 0.811870 -0.000000 0.583839
v 0.053460 -0.201000 0.432198
vn 0.810726 -0.000000 0.585426
v 0.053460 -0.199000 0.432198
vn 0.810726 -0.000000 0.585426
f 2917//2917 2918//2918 2919//2919
v 0.052779 -0.201000 0.433143
vn 0.811870 -0.000000 0.583839
v 0.053460 -0.199000 0.432198
vn 0.810726 -0.000000 0.585426
v 0.052779 -0.199000 0.433143
vn 0.811870 -0.000000 0.583839
f 2920//2920 2921//2921 2922//2922
v 0.053460 -0.201000 0.432198
vn 0.810726 -0.000000 0.585426
v 0.054214 -0.201000 0.431156
vn 0.810298 -0.000000 0.586019
v 0.054214 -0.199000 0.431156
vn 0.810298 -0.000000 0.586019
f 2923//2923 2924//2924 2925//2925
v 0.053460 -0.201000 0.432198
vn 0.810726 -0.000000 0.585426
v 0.054214 -0.199000 0.431156
vn 0.810298 -0.000000 0.586019
v 0.053460 -0.199000 0.432198
vn 0.810726 -0.000000 0.585426
f 2926//2926 2927//2927 2928//2928
v 0.054214 -0.201000 0.431156
vn 0.810298 -0.000000 0.586019
v 0.055050 -0.201000 0.430000
vn 0.890533 0.000000 -0.454919
v 0.055050 -0.199000 0.430000
vn 0.890533 0.000000 -0.454919
f 2929//2929 2930//2930 2931//2931
v 0.054214 -0.201000 0.431156
vn 0.810298 -0.000000 0.586019
v 0.055050 -0.199000 0.430000
vn 0.890533 0.000000 -0.454919
v 0.054214 -0.199000 0.431156
vn 0.810298 -0.000000 0.586019
f 2932//2932 2933//2933 2934//2934
v 0.055050 -0.201000 0.430000
vn 0.890533 0.000000 -0.454919
v 0.046275 -0.201000 0.430000
vn -0.479188 0.000000 -0.877712
v 0.046275 -0.199000 0.430000
vn -0.479188 0.000000 -0.877712
f 2935//2935 2936//2936 2937//2937
v 0.055050 -0.201000 0.430000
vn 0.890533 0.000000 -0.454919
v 0.046275 -0.199000 0.430000
vn -0.479188 0.000000 -0.877712
v 0.055050 -0.199000 0.430000
vn 0.890533 0.000000 -0.454919
f 2938//2938 2939//2939 2940//2940
v 0.046275 -0.201000 0.430000
vn -0.479188 0.000000 -0.877712
v 0.039525 -0.201000 0.440500
vn -0.837462 0.000000 -0.546496
v 0.039525 -0.199000 0.440500
vn -0.837462 0.000000 -0.546496
f 2941//2941 2942//2942 2943//2943
v 0.046275 -0.201000 0.430000
vn -0.479188 0.000000 -0.877712
v 0.039525 -0.199000 0.440500
vn -0.837462 0.000000 -0.546496
v 0.046275 -0.199000 0.430000
vn -0.479188 0.000000 -0.877712
f 2944//2944 2945//2945 2946//2946
v 0.039525 -0.201000 0.440500
vn -0.837462 0.000000 -0.546496
v 0.037912 -0.201000 0.442936
vn -0.824555 0.000000 -0.565781
v 0.037912 -0.199000 0.442936
vn -0.824555 0.000000 -0.565781
f 2947//2947 2948//2948 2949//2949
v 0.039525 -0.201000 0.440500
vn -0.837462 0.000000 -0.546496
v 0.037912 -0.199000 0.442936
vn -0.824555 0.000000 -0.565781
v 0.039525 -0.199000 0.440500
vn -0.837462 0.000000 -0.546496
f 2950//2950 2951//2951 2952//2952
v 0.037912 -0.201000 0.442936
vn -0.824555 0.000000 -0.565781
v 0.036436 -0.201000 0.445013
vn -0.802983 0.000000 -0.596002
v 0.036436 -0.199000 0.445013
vn -0.802983 0.000000 -0.596002
f 2953//2953 2954//2954 2955//2955
v 0.037912 -0.201000 0.442936
vn -0.824555 0.000000 -0.565781
v 0.036436 -0.199000 0.445013
vn -0.802983 0.000000 -0.596002
v 0.037912 -0.199000 0.442936
vn -0.824555 0.000000 -0.565781
f 2956//2956 2957//2957 2958//2958
v 0.036436 -0.201000 0.445013
vn -0.802983 0.000000 -0.596002
v 0.035084 -0.201000 0.446758
vn -0.774006 0.000000 -0.633178
v 0.035084 -0.199000 0.446758
vn -0.774006 0.000000 -0.633178
f 2959//2959 2960//2960 2961//2961
v 0.036436 -0.201000 0.445013
vn -0.802983 0.000000 -0.596002
v 0.035084 -0.199000 0.446758
vn -0.774006 0.000000 -0.633178
v 0.036436 -0.199000 0.445013
vn -0.802983 0.000000 -0.596002
f 2962//2962 2963//2963 2964//2964
v 0.035084 -0.201000 0.446758
vn -0.774006 0.000000 -0.633178
v 0.033839 -0.201000 0.448200
vn -0.734789 0.000000 -0.678295
v 0.033839 -0.199000 0.448200
vn -0.734789 0.000000 -0.678295
f 2965//2965 2966//2966 2967//2967
v 0.035084 -0.201000 0.446758
vn -0.774006 0.000000 -0.633178
v 0.033839 -0.199000 0.448200
vn -0.734789 0.000000 -0.678295
v 0.035084 -0.199000 0.446758
vn -0.774006 0.000000 -0.633178
f 2968//2968 2969//2969 2970//2970
v 0.033839 -0.201000 0.448200
vn -0.734789 0.000000 -0.678295
v 0.032687 -0.201000 0.449367
vn -0.681732 0.000000 -0.731602
v 0.032687 -0.199000 0.449367
vn -0.681732 0.000000 -0.731602
f 2971//2971 2972//2972 2973//2973
v 0.033839 -0.201000 0.448200
vn -0.734789 0.000000 -0.678295
v 0.032687 -0.199000 0.449367
vn -0.681732 0.000000 -0.731602
v 0.033839 -0.199000 0.448200
vn -0.734789 0.000000 -0.678295
f 2974//2974 2975//2975 2976//2976
v 0.032687 -0.201000 0.449367
vn -0.681732 0.000000 -0.731602
v 0.031613 -0.201000 0.450288
vn -0.610956 0.000000 -0.791664
v 0.031613 -0.199000 0.450288
vn -0.610956 0.000000 -0.791664
f 2977//2977 2978//2978 2979//2979
v 0.032687 -0.201000 0.449367
vn -0.681732 0.000000 -0.731602
v 0.031613 -0.199000 0.450288
vn -0.610956 0.000000 -0.791664
v 0.032687 -0.199000 0.449367
vn -0.681732 0.000000 -0.731602
f 2980//2980 2981//2981 2982//2982
v 0.031613 -0.201000 0.450288
vn -0.610956 0.000000 -0.791664
v 0.030601 -0.201000 0.450989
vn -0.519866 0.000000 -0.854248
v 0.030601 -0.199000 0.450989
vn -0.519866 0.000000 -0.854248
f 2983//2983 2984//2984 2985//2985
v 0.031613 -0.201000 0.450288
vn -0.610956 0.000000 -0.791664
v 0.030601 -0.199000 0.450989
vn -0.519866 0.000000 -0.854248
v 0.031613 -0.199000 0.450288
vn -0.610956 0.000000 -0.791664
f 2986//2986 2987//2987 2988//2988
v 0.030601 -0.201000 0.450989
vn -0.519866 0.000000 -0.854248
v 0.029636 -0.201000 0.451500
vn -0.409978 0.000000 -0.912096
v 0.029636 -0.199000 0.451500
vn -0.409978 0.000000 -0.912096
f 2989//2989 2990//2990 2991//2991
v 0.030601 -0.201000 0.450989
vn -0.519866 0.000000 -0.854248
v 0.029636 -0.199000 0.451500
vn -0.409978 0.000000 -0.912096
v 0.030601 -0.199000 0.450989
vn -0.519866 0.000000 -0.854248
f 2992//2992 2993//2993 2994//2994
v 0.029636 -0.201000 0.451500
vn -0.409978 0.000000 -0.912096
v 0.028704 -0.201000 0.451848
vn -0.289548 0.000000 -0.957163
v 0.028704 -0.199000 0.451848
vn -0.289548 0.000000 -0.957163
f 2995//2995 2996//2996 2997//2997
v 0.029636 -0.201000 0.451500
vn -0.409978 0.000000 -0.912096
v 0.028704 -0.199000 0.451848
vn -0.289548 0.000000 -0.957163
v 0.029636 -0.199000 0.451500
vn -0.409978 0.000000 -0.912096
f 2998//2998 2999//2999 3000//3000
v 0.028704 -0.201000 0.451848
vn -0.289548 0.000000 -0.957163
v 0.027789 -0.201000 0.452063
vn -0.172808 0.000000 -0.984955
v 0.027789 -0.199000 0.452063
vn -0.172808 0.000000 -0.984955
f 3001//3001 3002//3002 3003//3003
v 0.028704 -0.201000 0.451848
vn -0.289548 0.000000 -0.957163
v 0.027789 -0.199000 0.452063
vn -0.172808 0.000000 -0.984955
v 0.028704 -0.199000 0.451848
vn -0.289548 0.000000 -0.957163
f 3004//3004 3005//3005 3006//3006
v 0.027789 -0.201000 0.452063
vn -0.172808 0.000000 -0.984955
v 0.026876 -0.201000 0.452170
vn -0.074730 0.000000 -0.997204
v 0.026876 -0.199000 0.452170
vn -0.074730 0.000000 -0.997204
f 3007//3007 3008//3008 3009//3009
v 0.027789 -0.201000 0.452063
vn -0.172808 0.000000 -0.984955
v 0.026876 -0.199000 0.452170
vn -0.074730 0.000000 -0.997204
v 0.027789 -0.199000 0.452063
vn -0.172808 0.000000 -0.984955
f 3010//3010 3011//3011 3012//3012
v 0.026876 -0.201000 0.452170
vn -0.074730 0.000000 -0.997204
v 0.025950 -0.201000 0.452200
vn -0.016024 0.000000 -0.999872
v 0.025950 -0.199000 0.452200
vn -0.016024 0.000000 -0.999872
f 3013//3013 3014//3014 3015//3015
v 0.026876 -0.201000 0.452170
vn -0.074730 0.000000 -0.997204
v 0.025950 -0.199000 0.452200
vn -0.016024 0.000000 -0.999872
v 0.026876 -0.199000 0.452170
vn -0.074730 0.000000 -0.997204
f 3016//3016 3017//3017 3018//3018
v 0.025950 -0.201000 0.452200
vn -0.016024 0.000000 -0.999872
v 0.022875 -0.201000 0.452200
vn 0.707107 0.000000 -0.707107
v 0.022875 -0.199000 0.452200
vn 0.707107 0.000000 -0.707107
f 3019//3019 3020//3020 3021//3021
v 0.025950 -0.201000 0.452200
vn -0.016024 0.000000 -0.999872
v 0.022875 -0.199000 0.452200
vn 0.707107 0.000000 -0.707107
v 0.025950 -0.199000 0.452200
vn -0.016024 0.000000 -0.999872
f 3022//3022 3023//3023 3024//3024
v 0.022875 -0.201000 0.452200
vn 0.707107 0.000000 -0.707107
v 0.022875 -0.201000 0.430000
vn 0.707107 0.000000 -0.707107
v 0.022875 -0.199000 0.430000
vn 0.707107 0.000000 -0.707107
f 3025//3025 3026//3026 3027//3027
v 0.022875 -0.201000 0.452200
vn 0.707107 0.000000 -0.707107
v 0.022875 -0.199000 0.430000
vn 0.707107 0.000000 -0.707107
v 0.022875 -0.199000 0.452200
vn 0.707107 0.000000 -0.707107
f 3028//3028 3029//3029 3030//3030
v 0.022875 -0.201000 0.430000
vn 0.707107 0.000000 -0.707107
v 0.015525 -0.201000 0.430000
vn -0.707107 0.000000 -0.707107
v 0.015525 -0.199000 0.430000
vn -0.707107 0.000000 -0.707107
f 3031//3031 3032//3032 3033//3033
v 0.022875 -0.201000 0.430000
vn 0.707107 0.000000 -0.707107
v 0.015525 -0.199000 0.430000
vn -0.707107 0.000000 -0.707107
v 0.022875 -0.199000 0.430000
vn 0.707107 0.000000 -0.707107
f 3034//3034 3035//3035 3036//3036
v 0.015525 -0.201000 0.430000
vn -0.707107 0.000000 -0.707107
v 0.015525 -0.201000 0.481150
vn -0.707107 -0.000000 0.707107
v 0.015525 -0.199000 0.481150
vn -0.707107 -0.000000 0.707107
f 3037//3037 3038//3038 3039//3039
v 0.015525 -0.201000 0.430000
vn -0.707107 0.000000 -0.707107
v 0.015525 -0.199000 0.481150
vn -0.707107 -0.000000 0.707107
v 0.015525 -0.199000 0.430000
vn -0.707107 0.000000 -0.707107
f 3040//3040 3041//3041 3042//3042
v 0.015525 -0.201000 0.481150
vn -0.707107 -0.000000 0.707107
v 0.028425 -0.201000 0.481150
vn 0.022508 -0.000000 0.999747
v 0.028425 -0.199000 0.481150
vn 0.022508 -0.000000 0.999747
f 3043//3043 3044//3044 3045//3045
v 0.015525 -0.201000 0.481150
vn -0.707107 -0.000000 0.707107
v 0.028425 -0.199000 0.481150
vn 0.022508 -0.000000 0.999747
v 0.015525 -0.199000 0.481150
vn -0.707107 -0.000000 0.707107
f 3046//3046 3047//3047 3048//3048
v 0.028425 -0.201000 0.481150
vn 0.022508 -0.000000 0.999747
v 0.030930 -0.201000 0.481037
vn 0.093393 -0.000000 0.995629
v 0.030930 -0.199000 0.481037
vn 0.093393 -0.000000 0.995629
f 3049//3049 3050//3050 3051//3051
v 0.028425 -0.201000 0.481150
vn 0.022508 -0.000000 0.999747
v 0.030930 -0.199000 0.481037
vn 0.093393 -0.000000 0.995629
v 0.028425 -0.199000 0.481150
vn 0.022508 -0.000000 0.999747
f 3052//3052 3053//3053 3054//3054
v 0.027600 -0.201000 0.458800
vn -0.022148 -0.000000 0.999755
v 0.029453 -0.201000 0.458882
vn -0.094368 -0.000000 0.995537
v 0.029453 -0.199000 0.458882
vn -0.094368 -0.000000 0.995537
f 3055//3055 3056//3056 3057//3057
v 0.027600 -0.201000 0.458800
vn -0.022148 -0.000000 0.999755
v 0.029453 -0.199000 0.458882
vn -0.094368 -0.000000 0.995537
v 0.027600 -0.199000 0.458800
vn -0.022148 -0.000000 0.999755
f 3058//3058 3059//3059 3060//3060
v 0.029453 -0.201000 0.458882
vn -0.094368 -0.000000 0.995537
v 0.031084 -0.201000 0.459120
vn -0.201724 -0.000000 0.979443
v 0.031084 -0.199000 0.459120
vn -0.201724 -0.000000 0.979443
f 3061//3061 3062//3062 3063//3063
v 0.029453 -0.201000 0.458882
vn -0.094368 -0.000000 0.995537
v 0.031084 -0.199000 0.459120
vn -0.201724 -0.000000 0.979443
v 0.029453 -0.199000 0.458882
vn -0.094368 -0.000000 0.995537
f 3064//3064 3065//3065 3066//3066
v 0.031084 -0.201000 0.459120
vn -0.201724 -0.000000 0.979443
v 0.032503 -0.201000 0.459500
vn -0.322550 -0.000000 0.946552
v 0.032503 -0.199000 0.459500
vn -0.322550 -0.000000 0.946552
f 3067//3067 3068//3068 3069//3069
v 0.031084 -0.201000 0.459120
vn -0.201724 -0.000000 0.979443
v 0.032503 -0.199000 0.459500
vn -0.322550 -0.000000 0.946552
v 0.031084 -0.199000 0.459120
vn -0.201724 -0.000000 0.979443
f 3070//3070 3071//3071 3072//3072
v 0.032503 -0.201000 0.459500
vn -0.322550 -0.000000 0.946552
v 0.033722 -0.201000 0.460008
vn -0.452898 -0.000000 0.891562
v 0.033722 -0.199000 0.460008
vn -0.452898 -0.000000 0.891562
f 3073//3073 3074//3074 3075//3075
v 0.032503 -0.201000 0.459500
vn -0.322550 -0.000000 0.946552
v 0.033722 -0.199000 0.460008
vn -0.452898 -0.000000 0.891562
v 0.032503 -0.199000 0.459500
vn -0.322550 -0.000000 0.946552
f 3076//3076 3077//3077 3078//3078
v 0.033722 -0.201000 0.460008
vn -0.452898 -0.000000 0.891562
v 0.034753 -0.201000 0.460633
vn -0.585113 -0.000000 0.810952
v 0.034753 -0.199000 0.460633
vn -0.585113 -0.000000 0.810952
f 3079//3079 3080//3080 3081//3081
v 0.033722 -0.201000 0.460008
vn -0.452898 -0.000000 0.891562
v 0.034753 -0.199000 0.460633
vn -0.585113 -0.000000 0.810952
v 0.033722 -0.199000 0.460008
vn -0.452898 -0.000000 0.891562
f 3082//3082 3083//3083 3084//3084
v 0.034753 -0.201000 0.460633
vn -0.585113 -0.000000 0.810952
v 0.035606 -0.201000 0.461359
vn -0.708805 -0.000000 0.705405
v 0.035606 -0.199000 0.461359
vn -0.708805 -0.000000 0.705405
f 3085//3085 3086//3086 3087//3087
v 0.034753 -0.201000 0.460633
vn -0.585113 -0.000000 0.810952
v 0.035606 -0.199000 0.461359
vn -0.708805 -0.000000 0.705405
v 0.034753 -0.199000 0.460633
vn -0.585113 -0.000000 0.810952
f 3088//3088 3089//3089 3090//3090
v 0.035606 -0.201000 0.461359
vn -0.708805 -0.000000 0.705405
v 0.036294 -0.201000 0.462175
vn -0.813899 -0.000000 0.581006
v 0.036294 -0.199000 0.462175
vn -0.813899 -0.000000 0.581006
f 3091//3091 3092//3092 3093//3093
v 0.035606 -0.201000 0.461359
vn -0.708805 -0.000000 0.705405
v 0.036294 -0.199000 0.462175
vn -0.813899 -0.000000 0.581006
v 0.035606 -0.199000 0.461359
vn -0.708805 -0.000000 0.705405
f 3094//3094 3095//3095 3096//3096
v 0.036294 -0.201000 0.462175
vn -0.813899 -0.000000 0.581006
v 0.036828 -0.201000 0.463067
vn -0.894196 -0.000000 0.447676
v 0.036828 -0.199000 0.463067
vn -0.894196 -0.000000 0.447676
f 3097//3097 3098//3098 3099//3099
v 0.036294 -0.201000 0.462175
vn -0.813899 -0.000000 0.581006
v 0.036828 -0.199000 0.463067
vn -0.894196 -0.000000 0.447676
v 0.036294 -0.199000 0.462175
vn -0.813899 -0.000000 0.581006
f 3100//3100 3101//3101 3102//3102
v 0.036828 -0.201000 0.463067
vn -0.894196 -0.000000 0.447676
v 0.037219 -0.201000 0.464021
vn -0.948880 -0.000000 0.315636
v 0.037219 -0.199000 0.464021
vn -0.948880 -0.000000 0.315636
f 3103//3103 3104//3104 3105//3105
v 0.036828 -0.201000 0.463067
vn -0.894196 -0.000000 0.447676
v 0.037219 -0.199000 0.464021
vn -0.948880 -0.000000 0.315636
v 0.036828 -0.199000 0.463067
vn -0.894196 -0.000000 0.447676
f 3106//3106 3107//3107 3108//3108
v 0.037219 -0.201000 0.464021
vn -0.948880 -0.000000 0.315636
v 0.037478 -0.201000 0.465024
vn -0.981321 -0.000000 0.192377
v 0.037478 -0.199000 0.465024
vn -0.981321 -0.000000 0.192377
f 3109//3109 3110//3110 3111//3111
v 0.037219 -0.201000 0.464021
vn -0.948880 -0.000000 0.315636
v 0.037478 -0.199000 0.465024
vn -0.981321 -0.000000 0.192377
v 0.037219 -0.199000 0.464021
vn -0.948880 -0.000000 0.315636
f 3112//3112 3113//3113 3114//3114
v 0.037478 -0.201000 0.465024
vn -0.981321 -0.000000 0.192377
v 0.037618 -0.201000 0.466063
vn -0.996656 -0.000000 0.081707
v 0.037618 -0.199000 0.466063
vn -0.996656 -0.000000 0.081707
f 3115//3115 3116//3116 3117//3117
v 0.037478 -0.201000 0.465024
vn -0.981321 -0.000000 0.192377
v 0.037618 -0.199000 0.466063
vn -0.996656 -0.000000 0.081707
v 0.037478 -0.199000 0.465024
vn -0.981321 -0.000000 0.192377
f 3118//3118 3119//3119 3120//3120
v 0.037618 -0.201000 0.466063
vn -0.996656 -0.000000 0.081707
v 0.037650 -0.201000 0.467125
vn -0.999830 0.000000 -0.018442
v 0.037650 -0.199000 0.467125
vn -0.999830 0.000000 -0.018442
f 3121//3121 3122//3122 3123//3123
v 0.037618 -0.201000 0.466063
vn -0.996656 -0.000000 0.081707
v 0.037650 -0.199000 0.467125
vn -0.999830 0.000000 -0.018442
v 0.037618 -0.199000 0.466063
vn -0.996656 -0.000000 0.081707
f 3124//3124 3125//3125 3126//3126
v 0.037650 -0.201000 0.467125
vn -0.999830 0.000000 -0.018442
v 0.037573 -0.201000 0.468285
vn -0.992295 0.000000 -0.123895
v 0.037573 -0.199000 0.468285
vn -0.992295 0.000000 -0.123895
f 3127//3127 3128//3128 3129//3129
v 0.037650 -0.201000 0.467125
vn -0.999830 0.000000 -0.018442
v 0.037573 -0.199000 0.468285
vn -0.992295 0.000000 -0.123895
v 0.037650 -0.199000 0.467125
vn -0.999830 0.000000 -0.018442
f 3130//3130 3131//3131 3132//3132
v 0.037573 -0.201000 0.468285
vn -0.992295 0.000000 -0.123895
v 0.037374 -0.201000 0.469364
vn -0.969230 0.000000 -0.246155
v 0.037374 -0.199000 0.469364
vn -0.969230 0.000000 -0.246155
f 3133//3133 3134//3134 3135//3135
v 0.037573 -0.201000 0.468285
vn -0.992295 0.000000 -0.123895
v 0.037374 -0.199000 0.469364
vn -0.969230 0.000000 -0.246155
v 0.037573 -0.199000 0.468285
vn -0.992295 0.000000 -0.123895
f 3136//3136 3137//3137 3138//3138
v 0.037374 -0.201000 0.469364
vn -0.969230 0.000000 -0.246155
v 0.037050 -0.201000 0.470357
vn -0.924455 0.000000 -0.381290
v 0.037050 -0.199000 0.470357
vn -0.924455 0.000000 -0.381290
f 3139//3139 3140//3140 3141//3141
v 0.037374 -0.201000 0.469364
vn -0.969230 0.000000 -0.246155
v 0.037050 -0.199000 0.470357
vn -0.924455 0.000000 -0.381290
v 0.037374 -0.199000 0.469364
vn -0.969230 0.000000 -0.246155
f 3142//3142 3143//3143 3144//3144
v 0.037050 -0.201000 0.470357
vn -0.924455 0.000000 -0.381290
v 0.036594 -0.201000 0.471261
vn -0.853282 0.000000 -0.521450
v 0.036594 -0.199000 0.471261
vn -0.853282 0.000000 -0.521450
f 3145//3145 3146//3146 3147//3147
v 0.037050 -0.201000 0.470357
vn -0.924455 0.000000 -0.381290
v 0.036594 -0.199000 0.471261
vn -0.853282 0.000000 -0.521450
v 0.037050 -0.199000 0.470357
vn -0.924455 0.000000 -0.381290
f 3148//3148 3149//3149 3150//3150
v 0.036594 -0.201000 0.471261
vn -0.853282 0.000000 -0.521450
v 0.036002 -0.201000 0.472072
vn -0.755544 0.000000 -0.655098
v 0.036002 -0.199000 0.472072
vn -0.755544 0.000000 -0.655098
f 3151//3151 3152//3152 3153//3153
v 0.036594 -0.201000 0.471261
vn -0.853282 0.000000 -0.521450
v 0.036002 -0.199000 0.472072
vn -0.755544 0.000000 -0.655098
v 0.036594 -0.199000 0.471261
vn -0.853282 0.000000 -0.521450
f 3154//3154 3155//3155 3156//3156
v 0.036002 -0.201000 0.472072
vn -0.755544 0.000000 -0.655098
v 0.035269 -0.201000 0.472787
vn -0.637385 0.000000 -0.770546
v 0.035269 -0.199000 0.472787
vn -0.637385 0.000000 -0.770546
f 3157//3157 3158//3158 3159//3159
v 0.036002 -0.201000 0.472072
vn -0.755544 0.000000 -0.655098
v 0.035269 -0.199000 0.472787
vn -0.637385 0.000000 -0.770546
v 0.036002 -0.199000 0.472072
vn -0.755544 0.000000 -0.655098
f 3160//3160 3161//3161 3162//3162
v 0.035269 -0.201000 0.472787
vn -0.637385 0.000000 -0.770546
v 0.034388 -0.201000 0.473403
vn -0.509621 0.000000 -0.860399
v 0.034388 -0.199000 0.473403
vn -0.509621 0.000000 -0.860399
f 3163//3163 3164//3164 3165//3165
v 0.035269 -0.201000 0.472787
vn -0.637385 0.000000 -0.770546
v 0.034388 -0.199000 0.473403
vn -0.509621 0.000000 -0.860399
v 0.035269 -0.199000 0.472787
vn -0.637385 0.000000 -0.770546
f 3166//3166 3167//3167 3168//3168
v 0.034388 -0.201000 0.473403
vn -0.509621 0.000000 -0.860399
v 0.033356 -0.201000 0.473914
vn -0.383501 0.000000 -0.923540
v 0.033356 -0.199000 0.473914
vn -0.383501 0.000000 -0.923540
f 3169//3169 3170//3170 3171//3171
v 0.034388 -0.201000 0.473403
vn -0.509621 0.000000 -0.860399
v 0.033356 -0.199000 0.473914
vn -0.383501 0.000000 -0.923540
v 0.034388 -0.199000 0.473403
vn -0.509621 0.000000 -0.860399
f 3172//3172 3173//3173 3174//3174
v 0.033356 -0.201000 0.473914
vn -0.383501 0.000000 -0.923540
v 0.032166 -0.201000 0.474318
vn -0.267124 0.000000 -0.963662
v 0.032166 -0.199000 0.474318
vn -0.267124 0.000000 -0.963662
f 3175//3175 3176//3176 3177//3177
v 0.033356 -0.201000 0.473914
vn -0.383501 0.000000 -0.923540
v 0.032166 -0.199000 0.474318
vn -0.267124 0.000000 -0.963662
v 0.033356 -0.199000 0.473914
vn -0.383501 0.000000 -0.923540
f 3178//3178 3179//3179 3180//3180
v 0.032166 -0.201000 0.474318
vn -0.267124 0.000000 -0.963662
v 0.030813 -0.201000 0.474611
vn -0.164439 0.000000 -0.986387
v 0.030813 -0.199000 0.474611
vn -0.164439 0.000000 -0.986387
f 3181//3181 3182//3182 3183//3183
v 0.032166 -0.201000 0.474318
vn -0.267124 0.000000 -0.963662
v 0.030813 -0.199000 0.474611
vn -0.164439 0.000000 -0.986387
v 0.032166 -0.199000 0.474318
vn -0.267124 0.000000 -0.963662
f 3184//3184 3185//3185 3186//3186
v 0.030813 -0.201000 0.474611
vn -0.164439 0.000000 -0.986387
v 0.029293 -0.201000 0.474790
vn -0.076200 0.000000 -0.997093
v 0.029293 -0.199000 0.474790
vn -0.076200 0.000000 -0.997093
f 3187//3187 3188//3188 3189//3189
v 0.030813 -0.201000 0.474611
vn -0.164439 0.000000 -0.986387
v 0.029293 -0.199000 0.474790
vn -0.076200 0.000000 -0.997093
v 0.030813 -0.199000 0.474611
vn -0.164439 0.000000 -0.986387
f 3190//3190 3191//3191 3192//3192
v 0.029293 -0.201000 0.474790
vn -0.076200 0.000000 -0.997093
v 0.027600 -0.201000 0.474850
vn -0.017809 0.000000 -0.999841
v 0.027600 -0.199000 0.474850
vn -0.017809 0.000000 -0.999841
f 3193//3193 3194//3194 3195//3195
v 0.029293 -0.201000 0.474790
vn -0.076200 0.000000 -0.997093
v 0.027600 -0.199000 0.474850
vn -0.017809 0.000000 -0.999841
v 0.029293 -0.199000 0.474790
vn -0.076200 0.000000 -0.997093
f 3196//3196 3197//3197 3198//3198
v 0.027600 -0.201000 0.474850
vn -0.017809 0.000000 -0.999841
v 0.022875 -0.201000 0.474850
vn 0.707107 0.000000 -0.707107
v 0.022875 -0.199000 0.474850
vn 0.707107 0.000000 -0.707107
f 3199//3199 3200//3200 3201//3201
v 0.027600 -0.201000 0.474850
vn -0.017809 0.000000 -0.999841
v 0.022875 -0.199000 0.474850
vn 0.707107 0.000000 -0.707107
v 0.027600 -0.199000 0.474850
vn -0.017809 0.000000 -0.999841
f 3202//3202 3203//3203 3204//3204
v 0.022875 -0.201000 0.474850
vn 0.707107 0.000000 -0.707107
v 0.022875 -0.201000 0.458800
vn 0.707107 -0.000000 0.707107
v 0.022875 -0.199000 0.458800
vn 0.707107 -0.000000 0.707107
f 3205//3205 3206//3206 3207//3207
v 0.022875 -0.201000 0.474850
vn 0.707107 0.000000 -0.707107
v 0.022875 -0.199000 0.458800
vn 0.707107 -0.000000 0.707107
v 0.022875 -0.199000 0.474850
vn 0.707107 0.000000 -0.707107
f 3208//3208 3209//3209 3210//3210
v 0.022875 -0.201000 0.458800
vn 0.707107 -0.000000 0.707107
v 0.027600 -0.201000 0.458800
vn -0.022148 -0.000000 0.999755
v 0.027600 -0.199000 0.458800
vn -0.022148 -0.000000 0.999755
f 3211//3211 3212//3212 3213//3213
v 0.022875 -0.201000 0.458800
vn 0.707107 -0.000000 0.707107
v 0.027600 -0.199000 0.458800
vn -0.022148 -0.000000 0.999755
v 0.022875 -0.199000 0.458800
vn 0.707107 -0.000000 0.707107
f 3214//3214 3215//3215 3216//3216
v 0.103844 -0.201000 0.432812
vn 0.377145 0.000000 -0.926154
v 0.102206 -0.201000 0.432172
vn 0.349096 0.000000 -0.937087
v 0.102206 -0.199000 0.432172
vn 0.349096 0.000000 -0.937087
f 3217//3217 3218//3218 3219//3219
v 0.103844 -0.201000 0.432812
vn 0.377145 0.000000 -0.926154
v 0.102206 -0.199000 0.432172
vn 0.349096 0.000000 -0.937087
v 0.103844 -0.199000 0.432812
vn 0.377145 0.000000 -0.926154
f 3220//3220 3221//3221 3222//3222
v 0.102206 -0.201000 0.432172
vn 0.349096 0.000000 -0.937087
v 0.100601 -0.201000 0.431603
vn 0.317998 0.000000 -0.948092
v 0.100601 -0.199000 0.431603
vn 0.317998 0.000000 -0.948092
f 3223//3223 3224//3224 3225//3225
v 0.102206 -0.201000 0.432172
vn 0.349096 0.000000 -0.937087
v 0.100601 -0.199000 0.431603
vn 0.317998 0.000000 -0.948092
v 0.102206 -0.199000 0.432172
vn 0.349096 0.000000 -0.937087
f 3226//3226 3227//3227 3228//3228
v 0.100601 -0.201000 0.431603
vn 0.317998 0.000000 -0.948092
v 0.099019 -0.201000 0.431103
vn 0.284185 0.000000 -0.958770
v 0.099019 -0.199000 0.431103
vn 0.284185 0.000000 -0.958770
f 3229//3229 3230//3230 3231//3231
v 0.100601 -0.201000 0.431603
vn 0.317998 0.000000 -0.948092
v 0.099019 -0.199000 0.431103
vn 0.284185 0.000000 -0.958770
v 0.100601 -0.199000 0.431603
vn 0.317998 0.000000 -0.948092
f 3232//3232 3233//3233 3234//3234
v 0.099019 -0.201000 0.431103
vn 0.284185 0.000000 -0.958770
v 0.097452 -0.201000 0.430669
vn 0.248180 0.000000 -0.968714
v 0.097452 -0.199000 0.430669
vn 0.248180 0.000000 -0.968714
f 3235//3235 3236//3236 3237//3237
v 0.099019 -0.201000 0.431103
vn 0.284185 0.000000 -0.958770
v 0.097452 -0.199000 0.430669
vn 0.248180 0.000000 -0.968714
v 0.099019 -0.199000 0.431103
vn 0.284185 0.000000 -0.958770
f 3238//3238 3239//3239 3240//3240
v 0.097452 -0.201000 0.430669
vn 0.248180 0.000000 -0.968714
v 0.095888 -0.201000 0.430300
vn 0.210681 0.000000 -0.977555
v 0.095888 -0.199000 0.430300
vn 0.210681 0.000000 -0.977555
f 3241//3241 3242//3242 3243//3243
v 0.097452 -0.201000 0.430669
vn 0.248180 0.000000 -0.968714
v 0.095888 -0.199000 0.430300
vn 0.210681 0.000000 -0.977555
v 0.097452 -0.199000 0.430669
vn 0.248180 0.000000 -0.968714
f 3244//3244 3245//3245 3246//3246
v 0.095888 -0.201000 0.430300
vn 0.210681 0.000000 -0.977555
v 0.094317 -0.201000 0.429993
vn 0.172508 0.000000 -0.985008
v 0.094317 -0.199000 0.429993
vn 0.172508 0.000000 -0.985008
f 3247//3247 3248//3248 3249//3249
v 0.095888 -0.201000 0.430300
vn 0.210681 0.000000 -0.977555
v 0.094317 -0.199000 0.429993
vn 0.172508 0.000000 -0.985008
v 0.095888 -0.199000 0.430300
vn 0.210681 0.000000 -0.977555
f 3250//3250 3251//3251 3252//3252
v 0.094317 -0.201000 0.429993
vn 0.172508 0.000000 -0.985008
v 0.092731 -0.201000 0.429747
vn 0.134544 0.000000 -0.990908
v 0.092731 -0.199000 0.429747
vn 0.134544 0.000000 -0.990908
f 3253//3253 3254//3254 3255//3255
v 0.094317 -0.201000 0.429993
vn 0.172508 0.000000 -0.985008
v 0.092731 -0.199000 0.429747
vn 0.134544 0.000000 -0.990908
v 0.094317 -0.199000 0.429993
vn 0.172508 0.000000 -0.985008
f 3256//3256 3257//3257 3258//3258
v 0.092731 -0.201000 0.429747
vn 0.134544 0.000000 -0.990908
v 0.091118 -0.201000 0.429559
vn 0.097656 0.000000 -0.995220
v 0.091118 -0.199000 0.429559
vn 0.097656 0.000000 -0.995220
f 3259//3259 3260//3260 3261//3261
v 0.092731 -0.201000 0.429747
vn 0.134544 0.000000 -0.990908
v 0.091118 -0.199000 0.429559
vn 0.097656 0.000000 -0.995220
v 0.092731 -0.199000 0.429747
vn 0.134544 0.000000 -0.990908
f 3262//3262 3263//3263 3264//3264
v 0.091118 -0.201000 0.429559
vn 0.097656 0.000000 -0.995220
v 0.089469 -0.201000 0.429428
vn 0.062622 0.000000 -0.998037
v 0.089469 -0.199000 0.429428
vn 0.062622 0.000000 -0.998037
f 3265//3265 3266//3266 3267//3267
v 0.091118 -0.201000 0.429559
vn 0.097656 0.000000 -0.995220
v 0.089469 -0.199000 0.429428
vn 0.062622 0.000000 -0.998037
v 0.091118 -0.199000 0.429559
vn 0.097656 0.000000 -0.995220
f 3268//3268 3269//3269 3270//3270
v 0.089469 -0.201000 0.429428
vn 0.062622 0.000000 -0.998037
v 0.087775 -0.201000 0.429350
vn 0.030070 0.000000 -0.999548
v 0.087775 -0.199000 0.429350
vn 0.030070 0.000000 -0.999548
f 3271//3271 3272//3272 3273//3273
v 0.089469 -0.201000 0.429428
vn 0.062622 0.000000 -0.998037
v 0.087775 -0.199000 0.429350
vn 0.030070 0.000000 -0.999548
v 0.089469 -0.199000 0.429428
vn 0.062622 0.000000 -0.998037
f 3274//3274 3275//3275 3276//3276
v 0.087775 -0.201000 0.429350
vn 0.030070 0.000000 -0.999548
v 0.086025 -0.201000 0.429325
vn -0.021995 0.000000 -0.999758
v 0.086025 -0.199000 0.429325
vn -0.021995 0.000000 -0.999758
f 3277//3277 3278//3278 3279//3279
v 0.087775 -0.201000 0.429350
vn 0.030070 0.000000 -0.999548
v 0.086025 -0.199000 0.429325
vn -0.021995 0.000000 -0.999758
v 0.087775 -0.199000 0.429350
vn 0.030070 0.000000 -0.999548
f 3280//3280 3281//3281 3282//3282
v 0.086025 -0.201000 0.429325
vn -0.021995 0.000000 -0.999758
v 0.082197 -0.201000 0.429549
vn -0.118389 0.000000 -0.992967
v 0.082197 -0.199000 0.429549
vn -0.118389 0.000000 -0.992967
f 3283//3283 3284//3284 3285//3285
v 0.086025 -0.201000 0.429325
vn -0.021995 0.000000 -0.999758
v 0.082197 -0.199000 0.429549
vn -0.118389 0.000000 -0.992967
v 0.086025 -0.199000 0.429325
vn -0.021995 0.000000 -0.999758
f 3286//3286 3287//3287 3288//3288
v 0.082197 -0.201000 0.429549
vn -0.118389 0.000000 -0.992967
v 0.078566 -0.201000 0.430206
vn -0.238541 0.000000 -0.971133
v 0.078566 -0.199000 0.430206
vn -0.238541 0.000000 -0.971133
f 3289//3289 3290//3290 3291//3291
v 0.082197 -0.201000 0.429549
vn -0.118389 0.000000 -0.992967
v 0.078566 -0.199000 0.430206
vn -0.238541 0.000000 -0.971133
v 0.082197 -0.199000 0.429549
vn -0.118389 0.000000 -0.992967
f 3292//3292 3293//3293 3294//3294
v 0.078566 -0.201000 0.430206
vn -0.238541 0.000000 -0.971133
v 0.075158 -0.201000 0.431270
vn -0.358376 0.000000 -0.933577
v 0.075158 -0.199000 0.431270
vn -0.358376 0.000000 -0.933577
f 3295//3295 3296//3296 3297//3297
v 0.078566 -0.201000 0.430206
vn -0.238541 0.000000 -0.971133
v 0.075158 -0.199000 0.431270
vn -0.358376 0.000000 -0.933577
v 0.078566 -0.199000 0.430206
vn -0.238541 0.000000 -0.971133
f 3298//3298 3299//3299 3300//3300
v 0.075158 -0.201000 0.431270
vn -0.358376 0.000000 -0.933577
v 0.072000 -0.201000 0.432719
vn -0.475324 0.000000 -0.879811
v 0.072000 -0.199000 0.432719
vn -0.475324 0.000000 -0.879811
f 3301//3301 3302//3302 3303//3303
v 0.075158 -0.201000 0.431270
vn -0.358376 0.000000 -0.933577
v 0.072000 -0.199000 0.432719
vn -0.475324 0.000000 -0.879811
v 0.075158 -0.199000 0.431270
vn -0.358376 0.000000 -0.933577
f 3304//3304 3305//3305 3306//3306
v 0.072000 -0.201000 0.432719
vn -0.475324 0.000000 -0.879811
v 0.069117 -0.201000 0.434529
vn -0.586654 0.000000 -0.809838
v 0.069117 -0.199000 0.434529
vn -0.586654 0.000000 -0.809838
f 3307//3307 3308//3308 3309//3309
v 0.072000 -0.201000 0.432719
vn -0.475324 0.000000 -0.879811
v 0.069117 -0.199000 0.434529
vn -0.586654 0.000000 -0.809838
v 0.072000 -0.199000 0.432719
vn -0.475324 0.000000 -0.879811
f 3310//3310 3311//3311 3312//3312
v 0.069117 -0.201000 0.434529
vn -0.586654 0.000000 -0.809838
v 0.066534 -0.201000 0.436675
vn -0.689545 0.000000 -0.724243
v 0.066534 -0.199000 0.436675
vn -0.689545 0.000000 -0.724243
f 3313//3313 3314//3314 3315//3315
v 0.069117 -0.201000 0.434529
vn -0.586654 0.000000 -0.809838
v 0.066534 -0.199000 0.436675
vn -0.689545 0.000000 -0.724243
v 0.069117 -0.199000 0.434529
vn -0.586654 0.000000 -0.809838
f 3316//3316 3317//3317 3318//3318
v 0.066534 -0.201000 0.436675
vn -0.689545 0.000000 -0.724243
v 0.064279 -0.201000 0.439134
vn -0.781205 0.000000 -0.624275
v 0.064279 -0.199000 0.439134
vn -0.781205 0.000000 -0.624275
f 3319//3319 3320//3320 3321//3321
v 0.066534 -0.201000 0.436675
vn -0.689545 0.000000 -0.724243
v 0.064279 -0.199000 0.439134
vn -0.781205 0.000000 -0.624275
v 0.066534 -0.199000 0.436675
vn -0.689545 0.000000 -0.724243
f 3322//3322 3323//3323 3324//3324
v 0.064279 -0.201000 0.439134
vn -0.781205 0.000000 -0.624275
v 0.062375 -0.201000 0.441881
vn -0.859042 0.000000 -0.511905
v 0.062375 -0.199000 0.441881
vn -0.859042 0.000000 -0.511905
f 3325//3325 3326//3326 3327//3327
v 0.064279 -0.201000 0.439134
vn -0.781205 0.000000 -0.624275
v 0.062375 -0.199000 0.441881
vn -0.859042 0.000000 -0.511905
v 0.064279 -0.199000 0.439134
vn -0.781205 0.000000 -0.624275
f 3328//3328 3329//3329 3330//3330
v 0.062375 -0.201000 0.441881
vn -0.859042 0.000000 -0.511905
v 0.060850 -0.201000 0.444892
vn -0.920886 0.000000 -0.389832
v 0.060850 -0.199000 0.444892
vn -0.920886 0.000000 -0.389832
f 3331//3331 3332//3332 3333//3333
v 0.062375 -0.201000 0.441881
vn -0.859042 0.000000 -0.511905
v 0.060850 -0.199000 0.444892
vn -0.920886 0.000000 -0.389832
v 0.062375 -0.199000 0.441881
vn -0.859042 0.000000 -0.511905
f 3334//3334 3335//3335 3336//3336
v 0.060850 -0.201000 0.444892
vn -0.920886 0.000000 -0.389832
v 0.059728 -0.201000 0.448144
vn -0.965235 0.000000 -0.261383
v 0.059728 -0.199000 0.448144
vn -0.965235 0.000000 -0.261383
f 3337//3337 3338//3338 3339//3339
v 0.060850 -0.201000 0.444892
vn -0.920886 0.000000 -0.389832
v 0.059728 -0.199000 0.448144
vn -0.965235 0.000000 -0.261383
v 0.060850 -0.199000 0.444892
vn -0.920886 0.000000 -0.389832
f 3340//3340 3341//3341 3342//3342
v 0.059728 -0.201000 0.448144
vn -0.965235 0.000000 -0.261383
v 0.059036 -0.201000 0.451613
vn -0.991478 0.000000 -0.130277
v 0.059036 -0.199000 0.451613
vn -0.991478 0.000000 -0.130277
f 3343//3343 3344//3344 3345//3345
v 0.059728 -0.201000 0.448144
vn -0.965235 0.000000 -0.261383
v 0.059036 -0.199000 0.451613
vn -0.991478 0.000000 -0.130277
v 0.059728 -0.199000 0.448144
vn -0.965235 0.000000 -0.261383
f 3346//3346 3347//3347 3348//3348
v 0.059036 -0.201000 0.451613
vn -0.991478 0.000000 -0.130277
v 0.058800 -0.201000 0.455275
vn -1.000000 -0.000000 0.000553
v 0.058800 -0.199000 0.455275
vn -1.000000 -0.000000 0.000553
f 3349//3349 3350//3350 3351//3351
v 0.059036 -0.201000 0.451613
vn -0.991478 0.000000 -0.130277
v 0.058800 -0.199000 0.455275
vn -1.000000 -0.000000 0.000553
v 0.059036 -0.199000 0.451613
vn -0.991478 0.000000 -0.130277
f 3352//3352 3353//3353 3354//3354
v 0.058800 -0.201000 0.455275
vn -1.000000 -0.000000 0.000553
v 0.059042 -0.201000 0.458964
vn -0.991271 -0.000000 0.131837
v 0.059042 -0.199000 0.458964
vn -0.991271 -0.000000 0.131837
f 3355//3355 3356//3356 3357//3357
v 0.058800 -0.201000 0.455275
vn -1.000000 -0.000000 0.000553
v 0.059042 -0.199000 0.458964
vn -0.991271 -0.000000 0.131837
v 0.058800 -0.199000 0.455275
vn -1.000000 -0.000000 0.000553
f 3358//3358 3359//3359 3360//3360
v 0.059042 -0.201000 0.458964
vn -0.991271 -0.000000 0.131837
v 0.059750 -0.201000 0.462476
vn -0.964794 -0.000000 0.263005
v 0.059750 -0.199000 0.462476
vn -0.964794 -0.000000 0.263005
f 3361//3361 3362//3362 3363//3363
v 0.059042 -0.201000 0.458964
vn -0.991271 -0.000000 0.131837
v 0.059750 -0.199000 0.462476
vn -0.964794 -0.000000 0.263005
v 0.059042 -0.199000 0.458964
vn -0.991271 -0.000000 0.131837
f 3364//3364 3365//3365 3366//3366
v 0.059750 -0.201000 0.462476
vn -0.964794 -0.000000 0.263005
v 0.060895 -0.201000 0.465783
vn -0.920773 -0.000000 0.390099
v 0.060895 -0.199000 0.465783
vn -0.920773 -0.000000 0.390099
f 3367//3367 3368//3368 3369//3369
v 0.059750 -0.201000 0.462476
vn -0.964794 -0.000000 0.263005
v 0.060895 -0.199000 0.465783
vn -0.920773 -0.000000 0.390099
v 0.059750 -0.199000 0.462476
vn -0.964794 -0.000000 0.263005
f 3370//3370 3371//3371 3372//3372
v 0.060895 -0.201000 0.465783
vn -0.920773 -0.000000 0.390099
v 0.062450 -0.201000 0.468858
vn -0.860166 -0.000000 0.510015
v 0.062450 -0.199000 0.468858
vn -0.860166 -0.000000 0.510015
f 3373//3373 3374//3374 3375//3375
v 0.060895 -0.201000 0.465783
vn -0.920773 -0.000000 0.390099
v 0.062450 -0.199000 0.468858
vn -0.860166 -0.000000 0.510015
v 0.060895 -0.199000 0.465783
vn -0.920773 -0.000000 0.390099
f 3376//3376 3377//3377 3378//3378
v 0.062450 -0.201000 0.468858
vn -0.860166 -0.000000 0.510015
v 0.064386 -0.201000 0.471674
vn -0.784459 -0.000000 0.620181
v 0.064386 -0.199000 0.471674
vn -0.784459 -0.000000 0.620181
f 3379//3379 3380//3380 3381//3381
v 0.062450 -0.201000 0.468858
vn -0.860166 -0.000000 0.510015
v 0.064386 -0.199000 0.471674
vn -0.784459 -0.000000 0.620181
v 0.062450 -0.199000 0.468858
vn -0.860166 -0.000000 0.510015
f 3382//3382 3383//3383 3384//3384
v 0.064386 -0.201000 0.471674
vn -0.784459 -0.000000 0.620181
v 0.066675 -0.201000 0.474203
vn -0.695455 -0.000000 0.718569
v 0.066675 -0.199000 0.474203
vn -0.695455 -0.000000 0.718569
f 3385//3385 3386//3386 3387//3387
v 0.064386 -0.201000 0.471674
vn -0.784459 -0.000000 0.620181
v 0.066675 -0.199000 0.474203
vn -0.695455 -0.000000 0.718569
v 0.064386 -0.199000 0.471674
vn -0.784459 -0.000000 0.620181
f 3388//3388 3389//3389 3390//3390
v 0.066675 -0.201000 0.474203
vn -0.695455 -0.000000 0.718569
v 0.069289 -0.201000 0.476418
vn -0.595119 -0.000000 0.803637
v 0.069289 -0.199000 0.476418
vn -0.595119 -0.000000 0.803637
f 3391//3391 3392//3392 3393//3393
v 0.066675 -0.201000 0.474203
vn -0.695455 -0.000000 0.718569
v 0.069289 -0.199000 0.476418
vn -0.595119 -0.000000 0.803637
v 0.066675 -0.199000 0.474203
vn -0.695455 -0.000000 0.718569
f 3394//3394 3395//3395 3396//3396
v 0.069289 -0.201000 0.476418
vn -0.595119 -0.000000 0.803637
v 0.072200 -0.201000 0.478292
vn -0.485518 -0.000000 0.874227
v 0.072200 -0.199000 0.478292
vn -0.485518 -0.000000 0.874227
f 3397//3397 3398//3398 3399//3399
v 0.069289 -0.201000 0.476418
vn -0.595119 -0.000000 0.803637
v 0.072200 -0.199000 0.478292
vn -0.485518 -0.000000 0.874227
v 0.069289 -0.199000 0.476418
vn -0.595119 -0.000000 0.803637
f 3400//3400 3401//3401 3402//3402
v 0.072200 -0.201000 0.478292
vn -0.485518 -0.000000 0.874227
v 0.075380 -0.201000 0.479796
vn -0.368829 -0.000000 0.929497
v 0.075380 -0.199000 0.479796
vn -0.368829 -0.000000 0.929497
f 3403//3403 3404//3404 3405//3405
v 0.072200 -0.201000 0.478292
vn -0.485518 -0.000000 0.874227
v 0.075380 -0.199000 0.479796
vn -0.368829 -0.000000 0.929497
v 0.072200 -0.199000 0.478292
vn -0.485518 -0.000000 0.874227
f 3406//3406 3407//3407 3408//3408
v 0.075380 -0.201000 0.479796
vn -0.368829 -0.000000 0.929497
v 0.078800 -0.201000 0.480905
vn -0.247364 -0.000000 0.968922
v 0.078800 -0.199000 0.480905
vn -0.247364 -0.000000 0.968922
f 3409//3409 3410//3410 3411//3411
v 0.075380 -0.201000 0.479796
vn -0.368829 -0.000000 0.929497
v 0.078800 -0.199000 0.480905
vn -0.247364 -0.000000 0.968922
v 0.075380 -0.199000 0.479796
vn -0.368829 -0.000000 0.929497
f 3412//3412 3413//3413 3414//3414
v 0.078800 -0.201000 0.480905
vn -0.247364 -0.000000 0.968922
v 0.082433 -0.201000 0.481591
vn -0.123585 -0.000000 0.992334
v 0.082433 -0.199000 0.481591
vn -0.123585 -0.000000 0.992334
f 3415//3415 3416//3416 3417//3417
v 0.078800 -0.201000 0.480905
vn -0.247364 -0.000000 0.968922
v 0.082433 -0.199000 0.481591
vn -0.123585 -0.000000 0.992334
v 0.078800 -0.199000 0.480905
vn -0.247364 -0.000000 0.968922
f 3418//3418 3419//3419 3420//3420
v 0.082433 -0.201000 0.481591
vn -0.123585 -0.000000 0.992334
v 0.086250 -0.201000 0.481825
vn -0.023468 -0.000000 0.999725
v 0.086250 -0.199000 0.481825
vn -0.023468 -0.000000 0.999725
f 3421//3421 3422//3422 3423//3423
v 0.082433 -0.201000 0.481591
vn -0.123585 -0.000000 0.992334
v 0.086250 -0.199000 0.481825
vn -0.023468 -0.000000 0.999725
v 0.082433 -0.199000 0.481591
vn -0.123585 -0.000000 0.992334
f 3424//3424 3425//3425 3426//3426
v 0.086250 -0.201000 0.481825
vn -0.023468 -0.000000 0.999725
v 0.087716 -0.201000 0.481804
vn 0.030837 -0.000000 0.999524
v 0.087716 -0.199000 0.481804
vn 0.030837 -0.000000 0.999524
f 3427//3427 3428//3428 3429//3429
v 0.086250 -0.201000 0.481825
vn -0.023468 -0.000000 0.999725
v 0.087716 -0.199000 0.481804
vn 0.030837 -0.000000 0.999524
v 0.086250 -0.199000 0.481825
vn -0.023468 -0.000000 0.999725
f 3430//3430 3431//3431 3432//3432
v 0.087716 -0.201000 0.481804
vn 0.030837 -0.000000 0.999524
v 0.089126 -0.201000 0.481737
vn 0.066132 -0.000000 0.997811
v 0.089126 -0.199000 0.481737
vn 0.066132 -0.000000 0.997811
f 3433//3433 3434//3434 3435//3435
v 0.087716 -0.201000 0.481804
vn 0.030837 -0.000000 0.999524
v 0.089126 -0.199000 0.481737
vn 0.066132 -0.000000 0.997811
v 0.087716 -0.199000 0.481804
vn 0.030837 -0.000000 0.999524
f 3436//3436 3437//3437 3438//3438
v 0.089126 -0.201000 0.481737
vn 0.066132 -0.000000 0.997811
v 0.090500 -0.201000 0.481620
vn 0.105599 -0.000000 0.994409
v 0.090500 -0.199000 0.481620
vn 0.105599 -0.000000 0.994409
f 3439//3439 3440//3440 3441//3441
v 0.089126 -0.201000 0.481737
vn 0.066132 -0.000000 0.997811
v 0.090500 -0.199000 0.481620
vn 0.105599 -0.000000 0.994409
v 0.089126 -0.199000 0.481737
vn 0.066132 -0.000000 0.997811
f 3442//3442 3443//3443 3444//3444
v 0.090500 -0.201000 0.481620
vn 0.105599 -0.000000 0.994409
v 0.091858 -0.201000 0.481447
vn 0.147524 -0.000000 0.989059
v 0.091858 -0.199000 0.481447
vn 0.147524 -0.000000 0.989059
f 3445//3445 3446//3446 3447//3447
v 0.090500 -0.201000 0.481620
vn 0.105599 -0.000000 0.994409
v 0.091858 -0.199000 0.481447
vn 0.147524 -0.000000 0.989059
v 0.090500 -0.199000 0.481620
vn 0.105599 -0.000000 0.994409
f 3448//3448 3449//3449 3450//3450
v 0.091858 -0.201000 0.481447
vn 0.147524 -0.000000 0.989059
v 0.093219 -0.201000 0.481214
vn 0.189881 -0.000000 0.981807
v 0.093219 -0.199000 0.481214
vn 0.189881 -0.000000 0.981807
f 3451//3451 3452//3452 3453//3453
v 0.091858 -0.201000 0.481447
vn 0.147524 -0.000000 0.989059
v 0.093219 -0.199000 0.481214
vn 0.189881 -0.000000 0.981807
v 0.091858 -0.199000 0.481447
vn 0.147524 -0.000000 0.989059
f 3454//3454 3455//3455 3456//3456
v 0.093219 -0.201000 0.481214
vn 0.189881 -0.000000 0.981807
v 0.094603 -0.201000 0.480916
vn 0.230675 -0.000000 0.973031
v 0.094603 -0.199000 0.480916
vn 0.230675 -0.000000 0.973031
f 3457//3457 3458//3458 3459//3459
v 0.093219 -0.201000 0.481214
vn 0.189881 -0.000000 0.981807
v 0.094603 -0.199000 0.480916
vn 0.230675 -0.000000 0.973031
v 0.093219 -0.199000 0.481214
vn 0.189881 -0.000000 0.981807
f 3460//3460 3461//3461 3462//3462
v 0.094603 -0.201000 0.480916
vn 0.230675 -0.000000 0.973031
v 0.096029 -0.201000 0.480547
vn 0.268258 -0.000000 0.963347
v 0.096029 -0.199000 0.480547
vn 0.268258 -0.000000 0.963347
f 3463//3463 3464//3464 3465//3465
v 0.094603 -0.201000 0.480916
vn 0.230675 -0.000000 0.973031
v 0.096029 -0.199000 0.480547
vn 0.268258 -0.000000 0.963347
v 0.094603 -0.199000 0.480916
vn 0.230675 -0.000000 0.973031
f 3466//3466 3467//3467 3468//3468
v 0.096029 -0.201000 0.480547
vn 0.268258 -0.000000 0.963347
v 0.097517 -0.201000 0.480103
vn 0.301521 -0.000000 0.953459
v 0.097517 -0.199000 0.480103
vn 0.301521 -0.000000 0.953459
f 3469//3469 3470//3470 3471//3471
v 0.096029 -0.201000 0.480547
vn 0.268258 -0.000000 0.963347
v 0.097517 -0.199000 0.480103
vn 0.301521 -0.000000 0.953459
v 0.096029 -0.199000 0.480547
vn 0.268258 -0.000000 0.963347
f 3472//3472 3473//3473 3474//3474
v 0.097517 -0.201000 0.480103
vn 0.301521 -0.000000 0.953459
v 0.099086 -0.201000 0.479579
vn 0.329935 -0.000000 0.944004
v 0.099086 -0.199000 0.479579
vn 0.329935 -0.000000 0.944004
f 3475//3475 3476//3476 3477//3477
v 0.097517 -0.201000 0.480103
vn 0.301521 -0.000000 0.953459
v 0.099086 -0.199000 0.479579
vn 0.329935 -0.000000 0.944004
v 0.097517 -0.199000 0.480103
vn 0.301521 -0.000000 0.953459
f 3478//3478 3479//3479 3480//3480
v 0.099086 -0.201000 0.479579
vn 0.329935 -0.000000 0.944004
v 0.100755 -0.201000 0.478969
vn 0.353455 -0.000000 0.935452
v 0.100755 -0.199000 0.478969
vn 0.353455 -0.000000 0.935452
f 3481//3481 3482//3482 3483//3483
v 0.099086 -0.201000 0.479579
vn 0.329935 -0.000000 0.944004
v 0.100755 -0.199000 0.478969
vn 0.353455 -0.000000 0.935452
v 0.099086 -0.199000 0.479579
vn 0.329935 -0.000000 0.944004
f 3484//3484 3485//3485 3486//3486
v 0.100755 -0.201000 0.478969
vn 0.353455 -0.000000 0.935452
v 0.102545 -0.201000 0.478270
vn 0.372375 -0.000000 0.928082
v 0.102545 -0.199000 0.478270
vn 0.372375 -0.000000 0.928082
f 3487//3487 3488//3488 3489//3489
v 0.100755 -0.201000 0.478969
vn 0.353455 -0.000000 0.935452
v 0.102545 -0.199000 0.478270
vn 0.372375 -0.000000 0.928082
v 0.100755 -0.199000 0.478969
vn 0.353455 -0.000000 0.935452
f 3490//3490 3491//3491 3492//3492
v 0.102545 -0.201000 0.478270
vn 0.372375 -0.000000 0.928082
v 0.104475 -0.201000 0.477475
vn 0.830881 -0.000000 0.556450
v 0.104475 -0.199000 0.477475
vn 0.830881 -0.000000 0.556450
f 3493//3493 3494//3494 3495//3495
v 0.102545 -0.201000 0.478270
vn 0.372375 -0.000000 0.928082
v 0.104475 -0.199000 0.477475
vn 0.830881 -0.000000 0.556450
v 0.102545 -0.199000 0.478270
vn 0.372375 -0.000000 0.928082
f 3496//3496 3497//3497 3498//3498
v 0.104475 -0.201000 0.477475
vn 0.830881 -0.000000 0.556450
v 0.104475 -0.201000 0.470050
vn 0.516786 0.000000 -0.856115
v 0.104475 -0.199000 0.470050
vn 0.516786 0.000000 -0.856115
f 3499//3499 3500//3500 3501//3501
v 0.104475 -0.201000 0.477475
vn 0.830881 -0.000000 0.556450
v 0.104475 -0.199000 0.470050
vn 0.516786 0.000000 -0.856115
v 0.104475 -0.199000 0.477475
vn 0.830881 -0.000000 0.556450
f 3502//3502 3503//3503 3504//3504
v 0.104475 -0.201000 0.470050
vn 0.516786 0.000000 -0.856115
v 0.102971 -0.201000 0.470842
vn -0.449325 0.000000 -0.893368
v 0.102971 -0.199000 0.470842
vn -0.449325 0.000000 -0.893368
f 3505//3505 3506//3506 3507//3507
v 0.104475 -0.201000 0.470050
vn 0.516786 0.000000 -0.856115
v 0.102971 -0.199000 0.470842
vn -0.449325 0.000000 -0.893368
v 0.104475 -0.199000 0.470050
vn 0.516786 0.000000 -0.856115
f 3508//3508 3509//3509 3510//3510
v 0.102971 -0.201000 0.470842
vn -0.449325 0.000000 -0.893368
v 0.101458 -0.201000 0.471568
vn -0.415336 0.000000 -0.909668
v 0.101458 -0.199000 0.471568
vn -0.415336 0.000000 -0.909668
f 3511//3511 3512//3512 3513//3513
v 0.102971 -0.201000 0.470842
vn -0.449325 0.000000 -0.893368
v 0.101458 -0.199000 0.471568
vn -0.415336 0.000000 -0.909668
v 0.102971 -0.199000 0.470842
vn -0.449325 0.000000 -0.893368
f 3514//3514 3515//3515 3516//3516
v 0.101458 -0.201000 0.471568
vn -0.415336 0.000000 -0.909668
v 0.099938 -0.201000 0.472227
vn -0.379845 0.000000 -0.925050
v 0.099938 -0.199000 0.472227
vn -0.379845 0.000000 -0.925050
f 3517//3517 3518//3518 3519//3519
v 0.101458 -0.201000 0.471568
vn -0.415336 0.000000 -0.909668
v 0.099938 -0.199000 0.472227
vn -0.379845 0.000000 -0.925050
v 0.101458 -0.199000 0.471568
vn -0.415336 0.000000 -0.909668
f 3520//3520 3521//3521 3522//3522
v 0.099938 -0.201000 0.472227
vn -0.379845 0.000000 -0.925050
v 0.098411 -0.201000 0.472819
vn -0.342856 0.000000 -0.939388
v 0.098411 -0.199000 0.472819
vn -0.342856 0.000000 -0.939388
f 3523//3523 3524//3524 3525//3525
v 0.099938 -0.201000 0.472227
vn -0.379845 0.000000 -0.925050
v 0.098411 -0.199000 0.472819
vn -0.342856 0.000000 -0.939388
v 0.099938 -0.199000 0.472227
vn -0.379845 0.000000 -0.925050
f 3526//3526 3527//3527 3528//3528
v 0.098411 -0.201000 0.472819
vn -0.342856 0.000000 -0.939388
v 0.096880 -0.201000 0.473344
vn -0.304390 0.000000 -0.952547
v 0.096880 -0.199000 0.473344
vn -0.304390 0.000000 -0.952547
f 3529//3529 3530//3530 3531//3531
v 0.098411 -0.201000 0.472819
vn -0.342856 0.000000 -0.939388
v 0.096880 -0.199000 0.473344
vn -0.304390 0.000000 -0.952547
v 0.098411 -0.199000 0.472819
vn -0.342856 0.000000 -0.939388
f 3532//3532 3533//3533 3534//3534
v 0.096880 -0.201000 0.473344
vn -0.304390 0.000000 -0.952547
v 0.095344 -0.201000 0.473800
vn -0.264489 0.000000 -0.964389
v 0.095344 -0.199000 0.473800
vn -0.264489 0.000000 -0.964389
f 3535//3535 3536//3536 3537//3537
v 0.096880 -0.201000 0.473344
vn -0.304390 0.000000 -0.952547
v 0.095344 -0.199000 0.473800
vn -0.264489 0.000000 -0.964389
v 0.096880 -0.199000 0.473344
vn -0.304390 0.000000 -0.952547
f 3538//3538 3539//3539 3540//3540
v 0.095344 -0.201000 0.473800
vn -0.264489 0.000000 -0.964389
v 0.093805 -0.201000 0.474187
vn -0.223213 0.000000 -0.974770
v 0.093805 -0.199000 0.474187
vn -0.223213 0.000000 -0.974770
f 3541//3541 3542//3542 3543//3543
v 0.095344 -0.201000 0.473800
vn -0.264489 0.000000 -0.964389
v 0.093805 -0.199000 0.474187
vn -0.223213 0.000000 -0.974770
v 0.095344 -0.199000 0.473800
vn -0.264489 0.000000 -0.964389
f 3544//3544 3545//3545 3546//3546
v 0.093805 -0.201000 0.474187
vn -0.223213 0.000000 -0.974770
v 0.092264 -0.201000 0.474506
vn -0.180643 0.000000 -0.983549
v 0.092264 -0.199000 0.474506
vn -0.180643 0.000000 -0.983549
f 3547//3547 3548//3548 3549//3549
v 0.093805 -0.201000 0.474187
vn -0.223213 0.000000 -0.974770
v 0.092264 -0.199000 0.474506
vn -0.180643 0.000000 -0.983549
v 0.093805 -0.199000 0.474187
vn -0.223213 0.000000 -0.974770
f 3550//3550 3551//3551 3552//3552
v 0.092264 -0.201000 0.474506
vn -0.180643 0.000000 -0.983549
v 0.090722 -0.201000 0.474754
vn -0.136886 0.000000 -0.990587
v 0.090722 -0.199000 0.474754
vn -0.136886 0.000000 -0.990587
f 3553//3553 3554//3554 3555//3555
v 0.092264 -0.201000 0.474506
vn -0.180643 0.000000 -0.983549
v 0.090722 -0.199000 0.474754
vn -0.136886 0.000000 -0.990587
v 0.092264 -0.199000 0.474506
vn -0.180643 0.000000 -0.983549
f 3556//3556 3557//3557 3558//3558
v 0.090722 -0.201000 0.474754
vn -0.136886 0.000000 -0.990587
v 0.089180 -0.201000 0.474932
vn -0.092074 0.000000 -0.995752
v 0.089180 -0.199000 0.474932
vn -0.092074 0.000000 -0.995752
f 3559//3559 3560//3560 3561//3561
v 0.090722 -0.201000 0.474754
vn -0.136886 0.000000 -0.990587
v 0.089180 -0.199000 0.474932
vn -0.092074 0.000000 -0.995752
v 0.090722 -0.199000 0.474754
vn -0.136886 0.000000 -0.990587
f 3562//3562 3563//3563 3564//3564
v 0.089180 -0.201000 0.474932
vn -0.092074 0.000000 -0.995752
v 0.087639 -0.201000 0.475039
vn -0.046359 0.000000 -0.998925
v 0.087639 -0.199000 0.475039
vn -0.046359 0.000000 -0.998925
f 3565//3565 3566//3566 3567//3567
v 0.089180 -0.201000 0.474932
vn -0.092074 0.000000 -0.995752
v 0.087639 -0.199000 0.475039
vn -0.046359 0.000000 -0.998925
v 0.089180 -0.199000 0.474932
vn -0.092074 0.000000 -0.995752
f 3568//3568 3569//3569 3570//3570
v 0.087639 -0.201000 0.475039
vn -0.046359 0.000000 -0.998925
v 0.086100 -0.201000 0.475075
vn 0.020145 0.000000 -0.999797
v 0.086100 -0.199000 0.475075
vn 0.020145 0.000000 -0.999797
f 3571//3571 3572//3572 3573//3573
v 0.087639 -0.201000 0.475039
vn -0.046359 0.000000 -0.998925
v 0.086100 -0.199000 0.475075
vn 0.020145 0.000000 -0.999797
v 0.087639 -0.199000 0.475039
vn -0.046359 0.000000 -0.998925
f 3574//3574 3575//3575 3576//3576
v 0.086100 -0.201000 0.475075
vn 0.020145 0.000000 -0.999797
v 0.083380 -0.201000 0.474902
vn 0.127713 0.000000 -0.991811
v 0.083380 -0.199000 0.474902
vn 0.127713 0.000000 -0.991811
f 3577//3577 3578//3578 3579//3579
v 0.086100 -0.201000 0.475075
vn 0.020145 0.000000 -0.999797
v 0.083380 -0.199000 0.474902
vn 0.127713 0.000000 -0.991811
v 0.086100 -0.199000 0.475075
vn 0.020145 0.000000 -0.999797
f 3580//3580 3581//3581 3582//3582
v 0.083380 -0.201000 0.474902
vn 0.127713 0.000000 -0.991811
v 0.080785 -0.201000 0.474396
vn 0.254670 0.000000 -0.967028
v 0.080785 -0.199000 0.474396
vn 0.254670 0.000000 -0.967028
f 3583//3583 3584//3584 3585//3585
v 0.083380 -0.201000 0.474902
vn 0.127713 0.000000 -0.991811
v 0.080785 -0.199000 0.474396
vn 0.254670 0.000000 -0.967028
v 0.083380 -0.199000 0.474902
vn 0.127713 0.000000 -0.991811
f 3586//3586 3587//3587 3588//3588
v 0.080785 -0.201000 0.474396
vn 0.254670 0.000000 -0.967028
v 0.078335 -0.201000 0.473577
vn 0.378045 0.000000 -0.925787
v 0.078335 -0.199000 0.473577
vn 0.378045 0.000000 -0.925787
f 3589//3589 3590//3590 3591//3591
v 0.080785 -0.201000 0.474396
vn 0.254670 0.000000 -0.967028
v 0.078335 -0.199000 0.473577
vn 0.378045 0.000000 -0.925787
v 0.080785 -0.199000 0.474396
vn 0.254670 0.000000 -0.967028
f 3592//3592 3593//3593 3594//3594
v 0.078335 -0.201000 0.473577
vn 0.378045 0.000000 -0.925787
v 0.076053 -0.201000 0.472467
vn 0.495349 0.000000 -0.868694
v 0.076053 -0.199000 0.472467
vn 0.495349 0.000000 -0.868694
f 3595//3595 3596//3596 3597//3597
v 0.078335 -0.201000 0.473577
vn 0.378045 0.000000 -0.925787
v 0.076053 -0.199000 0.472467
vn 0.495349 0.000000 -0.868694
v 0.078335 -0.199000 0.473577
vn 0.378045 0.000000 -0.925787
f 3598//3598 3599//3599 3600//3600
v 0.076053 -0.201000 0.472467
vn 0.495349 0.000000 -0.868694
v 0.073959 -0.201000 0.471084
vn 0.604423 0.000000 -0.796664
v 0.073959 -0.199000 0.471084
vn 0.604423 0.000000 -0.796664
f 3601//3601 3602//3602 3603//3603
v 0.076053 -0.201000 0.472467
vn 0.495349 0.000000 -0.868694
v 0.073959 -0.199000 0.471084
vn 0.604423 0.000000 -0.796664
v 0.076053 -0.199000 0.472467
vn 0.495349 0.000000 -0.868694
f 3604//3604 3605//3605 3606//3606
v 0.073959 -0.201000 0.471084
vn 0.604423 0.000000 -0.796664
v 0.072075 -0.201000 0.469450
vn 0.703380 0.000000 -0.710814
v 0.072075 -0.199000 0.469450
vn 0.703380 0.000000 -0.710814
f 3607//3607 3608//3608 3609//3609
v 0.073959 -0.201000 0.471084
vn 0.604423 0.000000 -0.796664
v 0.072075 -0.199000 0.469450
vn 0.703380 0.000000 -0.710814
v 0.073959 -0.199000 0.471084
vn 0.604423 0.000000 -0.796664
f 3610//3610 3611//3611 3612//3612
v 0.072075 -0.201000 0.469450
vn 0.703380 0.000000 -0.710814
v 0.070422 -0.201000 0.467585
vn 0.790514 0.000000 -0.612444
v 0.070422 -0.199000 0.467585
vn 0.790514 0.000000 -0.612444
f 3613//3613 3614//3614 3615//3615
v 0.072075 -0.201000 0.469450
vn 0.703380 0.000000 -0.710814
v 0.070422 -0.199000 0.467585
vn 0.790514 0.000000 -0.612444
v 0.072075 -0.199000 0.469450
vn 0.703380 0.000000 -0.710814
f 3616//3616 3617//3617 3618//3618
v 0.070422 -0.201000 0.467585
vn 0.790514 0.000000 -0.612444
v 0.069022 -0.201000 0.465508
vn 0.864235 0.000000 -0.503088
v 0.069022 -0.199000 0.465508
vn 0.864235 0.000000 -0.503088
f 3619//3619 3620//3620 3621//3621
v 0.070422 -0.201000 0.467585
vn 0.790514 0.000000 -0.612444
v 0.069022 -0.199000 0.465508
vn 0.864235 0.000000 -0.503088
v 0.070422 -0.199000 0.467585
vn 0.790514 0.000000 -0.612444
f 3622//3622 3623//3623 3624//3624
v 0.069022 -0.201000 0.465508
vn 0.864235 0.000000 -0.503088
v 0.067896 -0.201000 0.463241
vn 0.923076 0.000000 -0.384617
v 0.067896 -0.199000 0.463241
vn 0.923076 0.000000 -0.384617
f 3625//3625 3626//3626 3627//3627
v 0.069022 -0.201000 0.465508
vn 0.864235 0.000000 -0.503088
v 0.067896 -0.199000 0.463241
vn 0.923076 0.000000 -0.384617
v 0.069022 -0.199000 0.465508
vn 0.864235 0.000000 -0.503088
f 3628//3628 3629//3629 3630//3630
v 0.067896 -0.201000 0.463241
vn 0.923076 0.000000 -0.384617
v 0.067065 -0.201000 0.460804
vn 0.965783 0.000000 -0.259350
v 0.067065 -0.199000 0.460804
vn 0.965783 0.000000 -0.259350
f 3631//3631 3632//3632 3633//3633
v 0.067896 -0.201000 0.463241
vn 0.923076 0.000000 -0.384617
v 0.067065 -0.199000 0.460804
vn 0.965783 0.000000 -0.259350
v 0.067896 -0.199000 0.463241
vn 0.923076 0.000000 -0.384617
f 3634//3634 3635//3635 3636//3636
v 0.067065 -0.201000 0.460804
vn 0.965783 0.000000 -0.259350
v 0.066551 -0.201000 0.458217
vn 0.991503 0.000000 -0.130084
v 0.066551 -0.199000 0.458217
vn 0.991503 0.000000 -0.130084
f 3637//3637 3638//3638 3639//3639
v 0.067065 -0.201000 0.460804
vn 0.965783 0.000000 -0.259350
v 0.066551 -0.199000 0.458217
vn 0.991503 0.000000 -0.130084
v 0.067065 -0.199000 0.460804
vn 0.965783 0.000000 -0.259350
f 3640//3640 3641//3641 3642//3642
v 0.066551 -0.201000 0.458217
vn 0.991503 0.000000 -0.130084
v 0.066375 -0.201000 0.455500
vn 1.000000 0.000000 -0.000855
v 0.066375 -0.199000 0.455500
vn 1.000000 0.000000 -0.000855
f 3643//3643 3644//3644 3645//3645
v 0.066551 -0.201000 0.458217
vn 0.991503 0.000000 -0.130084
v 0.066375 -0.199000 0.455500
vn 1.000000 0.000000 -0.000855
v 0.066551 -0.199000 0.458217
vn 0.991503 0.000000 -0.130084
f 3646//3646 3647//3647 3648//3648
v 0.066375 -0.201000 0.455500
vn 1.000000 0.000000 -0.000855
v 0.066550 -0.201000 0.452723
vn 0.991765 -0.000000 0.128074
v 0.066550 -0.199000 0.452723
vn 0.991765 -0.000000 0.128074
f 3649//3649 3650//3650 3651//3651
v 0.066375 -0.201000 0.455500
vn 1.000000 0.000000 -0.000855
v 0.066550 -0.199000 0.452723
vn 0.991765 -0.000000 0.128074
v 0.066375 -0.199000 0.455500
vn 1.000000 0.000000 -0.000855
f 3652//3652 3653//3653 3654//3654
v 0.066550 -0.201000 0.452723
vn 0.991765 -0.000000 0.128074
v 0.067065 -0.201000 0.450103
vn 0.965994 -0.000000 0.258563
v 0.067065 -0.199000 0.450103
vn 0.965994 -0.000000 0.258563
f 3655//3655 3656//3656 3657//3657
v 0.066550 -0.201000 0.452723
vn 0.991765 -0.000000 0.128074
v 0.067065 -0.199000 0.450103
vn 0.965994 -0.000000 0.258563
v 0.066550 -0.199000 0.452723
vn 0.991765 -0.000000 0.128074
f 3658//3658 3659//3659 3660//3660
v 0.067065 -0.201000 0.450103
vn 0.965994 -0.000000 0.258563
v 0.067901 -0.201000 0.447655
vn 0.921634 -0.000000 0.388059
v 0.067901 -0.199000 0.447655
vn 0.921634 -0.000000 0.388059
f 3661//3661 3662//3662 3663//3663
v 0.067065 -0.201000 0.450103
vn 0.965994 -0.000000 0.258563
v 0.067901 -0.199000 0.447655
vn 0.921634 -0.000000 0.388059
v 0.067065 -0.199000 0.450103
vn 0.965994 -0.000000 0.258563
f 3664//3664 3665//3665 3666//3666
v 0.067901 -0.201000 0.447655
vn 0.921634 -0.000000 0.388059
v 0.069042 -0.201000 0.445397
vn 0.858820 -0.000000 0.512277
v 0.069042 -0.199000 0.445397
vn 0.858820 -0.000000 0.512277
f 3667//3667 3668//3668 3669//3669
v 0.067901 -0.201000 0.447655
vn 0.921634 -0.000000 0.388059
v 0.069042 -0.199000 0.445397
vn 0.858820 -0.000000 0.512277
v 0.067901 -0.199000 0.447655
vn 0.921634 -0.000000 0.388059
f 3670//3670 3671//3671 3672//3672
v 0.069042 -0.201000 0.445397
vn 0.858820 -0.000000 0.512277
v 0.070470 -0.201000 0.443344
vn 0.778951 -0.000000 0.627085
v 0.070470 -0.199000 0.443344
vn 0.778951 -0.000000 0.627085
f 3673//3673 3674//3674 3675//3675
v 0.069042 -0.201000 0.445397
vn 0.858820 -0.000000 0.512277
v 0.070470 -0.199000 0.443344
vn 0.778951 -0.000000 0.627085
v 0.069042 -0.199000 0.445397
vn 0.858820 -0.000000 0.512277
f 3676//3676 3677//3677 3678//3678
v 0.070470 -0.201000 0.443344
vn 0.778951 -0.000000 0.627085
v 0.072169 -0.201000 0.441512
vn 0.684535 -0.000000 0.728980
v 0.072169 -0.199000 0.441512
vn 0.684535 -0.000000 0.728980
f 3679//3679 3680//3680 3681//3681
v 0.070470 -0.201000 0.443344
vn 0.778951 -0.000000 0.627085
v 0.072169 -0.199000 0.441512
vn 0.684535 -0.000000 0.728980
v 0.070470 -0.199000 0.443344
vn 0.778951 -0.000000 0.627085
f 3682//3682 3683//3683 3684//3684
v 0.072169 -0.201000 0.441512
vn 0.684535 -0.000000 0.728980
v 0.074121 -0.201000 0.439918
vn 0.578843 -0.000000 0.815439
v 0.074121 -0.199000 0.439918
vn 0.578843 -0.000000 0.815439
f 3685//3685 3686//3686 3687//3687
v 0.072169 -0.201000 0.441512
vn 0.684535 -0.000000 0.728980
v 0.074121 -0.199000 0.439918
vn 0.578843 -0.000000 0.815439
v 0.072169 -0.199000 0.441512
vn 0.684535 -0.000000 0.728980
f 3688//3688 3689//3689 3690//3690
v 0.074121 -0.201000 0.439918
vn 0.578843 -0.000000 0.815439
v 0.076308 -0.201000 0.438578
vn 0.465489 -0.000000 0.885054
v 0.076308 -0.199000 0.438578
vn 0.465489 -0.000000 0.885054
f 3691//3691 3692//3692 3693//3693
v 0.074121 -0.201000 0.439918
vn 0.578843 -0.000000 0.815439
v 0.076308 -0.199000 0.438578
vn 0.465489 -0.000000 0.885054
v 0.074121 -0.199000 0.439918
vn 0.578843 -0.000000 0.815439
f 3694//3694 3695//3695 3696//3696
v 0.076308 -0.201000 0.438578
vn 0.465489 -0.000000 0.885054
v 0.078715 -0.201000 0.437507
vn 0.348027 -0.000000 0.937484
v 0.078715 -0.199000 0.437507
vn 0.348027 -0.000000 0.937484
f 3697//3697 3698//3698 3699//3699
v 0.076308 -0.201000 0.438578
vn 0.465489 -0.000000 0.885054
v 0.078715 -0.199000 0.437507
vn 0.348027 -0.000000 0.937484
v 0.076308 -0.199000 0.438578
vn 0.465489 -0.000000 0.885054
f 3700//3700 3701//3701 3702//3702
v 0.078715 -0.201000 0.437507
vn 0.348027 -0.000000 0.937484
v 0.081323 -0.201000 0.436722
vn 0.229668 -0.000000 0.973269
v 0.081323 -0.199000 0.436722
vn 0.229668 -0.000000 0.973269
f 3703//3703 3704//3704 3705//3705
v 0.078715 -0.201000 0.437507
vn 0.348027 -0.000000 0.937484
v 0.081323 -0.199000 0.436722
vn 0.229668 -0.000000 0.973269
v 0.078715 -0.199000 0.437507
vn 0.348027 -0.000000 0.937484
f 3706//3706 3707//3707 3708//3708
v 0.081323 -0.201000 0.436722
vn 0.229668 -0.000000 0.973269
v 0.084115 -0.201000 0.436240
vn 0.113107 -0.000000 0.993583
v 0.084115 -0.199000 0.436240
vn 0.113107 -0.000000 0.993583
f 3709//3709 3710//3710 3711//3711
v 0.081323 -0.201000 0.436722
vn 0.229668 -0.000000 0.973269
v 0.084115 -0.199000 0.436240
vn 0.113107 -0.000000 0.993583
v 0.081323 -0.199000 0.436722
vn 0.229668 -0.000000 0.973269
f 3712//3712 3713//3713 3714//3714
v 0.084115 -0.201000 0.436240
vn 0.113107 -0.000000 0.993583
v 0.087075 -0.201000 0.436075
vn 0.018452 -0.000000 0.999830
v 0.087075 -0.199000 0.436075
vn 0.018452 -0.000000 0.999830
f 3715//3715 3716//3716 3717//3717
v 0.084115 -0.201000 0.436240
vn 0.113107 -0.000000 0.993583
v 0.087075 -0.199000 0.436075
vn 0.018452 -0.000000 0.999830
v 0.084115 -0.199000 0.436240
vn 0.113107 -0.000000 0.993583
f 3718//3718 3719//3719 3720//3720
v 0.087075 -0.201000 0.436075
vn 0.018452 -0.000000 0.999830
v 0.088061 -0.201000 0.436093
vn -0.036814 -0.000000 0.999322
v 0.088061 -0.199000 0.436093
vn -0.036814 -0.000000 0.999322
f 3721//3721 3722//3722 3723//3723
v 0.087075 -0.201000 0.436075
vn 0.018452 -0.000000 0.999830
v 0.088061 -0.199000 0.436093
vn -0.036814 -0.000000 0.999322
v 0.087075 -0.199000 0.436075
vn 0.018452 -0.000000 0.999830
f 3724//3724 3725//3725 3726//3726
v 0.088061 -0.201000 0.436093
vn -0.036814 -0.000000 0.999322
v 0.089033 -0.201000 0.436147
vn -0.072386 -0.000000 0.997377
v 0.089033 -0.199000 0.436147
vn -0.072386 -0.000000 0.997377
f 3727//3727 3728//3728 3729//3729
v 0.088061 -0.201000 0.436093
vn -0.036814 -0.000000 0.999322
v 0.089033 -0.199000 0.436147
vn -0.072386 -0.000000 0.997377
v 0.088061 -0.199000 0.436093
vn -0.036814 -0.000000 0.999322
f 3730//3730 3731//3731 3732//3732
v 0.089033 -0.201000 0.436147
vn -0.072386 -0.000000 0.997377
v 0.089991 -0.201000 0.436233
vn -0.106189 -0.000000 0.994346
v 0.089991 -0.199000 0.436233
vn -0.106189 -0.000000 0.994346
f 3733//3733 3734//3734 3735//3735
v 0.089033 -0.201000 0.436147
vn -0.072386 -0.000000 0.997377
v 0.089991 -0.199000 0.436233
vn -0.106189 -0.000000 0.994346
v 0.089033 -0.199000 0.436147
vn -0.072386 -0.000000 0.997377
f 3736//3736 3737//3737 3738//3738
v 0.089991 -0.201000 0.436233
vn -0.106189 -0.000000 0.994346
v 0.090936 -0.201000 0.436350
vn -0.137978 -0.000000 0.990435
v 0.090936 -0.199000 0.436350
vn -0.137978 -0.000000 0.990435
f 3739//3739 3740//3740 3741//3741
v 0.089991 -0.201000 0.436233
vn -0.106189 -0.000000 0.994346
v 0.090936 -0.199000 0.436350
vn -0.137978 -0.000000 0.990435
v 0.089991 -0.199000 0.436233
vn -0.106189 -0.000000 0.994346
f 3742//3742 3743//3743 3744//3744
v 0.090936 -0.201000 0.436350
vn -0.137978 -0.000000 0.990435
v 0.091870 -0.201000 0.436495
vn -0.167551 -0.000000 0.985864
v 0.091870 -0.199000 0.436495
vn -0.167551 -0.000000 0.985864
f 3745//3745 3746//3746 3747//3747
v 0.090936 -0.201000 0.436350
vn -0.137978 -0.000000 0.990435
v 0.091870 -0.199000 0.436495
vn -0.167551 -0.000000 0.985864
v 0.090936 -0.199000 0.436350
vn -0.137978 -0.000000 0.990435
f 3748//3748 3749//3749 3750//3750
v 0.091870 -0.201000 0.436495
vn -0.167551 -0.000000 0.985864
v 0.092794 -0.201000 0.436666
vn -0.194749 -0.000000 0.980853
v 0.092794 -0.199000 0.436666
vn -0.194749 -0.000000 0.980853
f 3751//3751 3752//3752 3753//3753
v 0.091870 -0.201000 0.436495
vn -0.167551 -0.000000 0.985864
v 0.092794 -0.199000 0.436666
vn -0.194749 -0.000000 0.980853
v 0.091870 -0.199000 0.436495
vn -0.167551 -0.000000 0.985864
f 3754//3754 3755//3755 3756//3756
v 0.092794 -0.201000 0.436666
vn -0.194749 -0.000000 0.980853
v 0.093708 -0.201000 0.436860
vn -0.219454 -0.000000 0.975623
v 0.093708 -0.199000 0.436860
vn -0.219454 -0.000000 0.975623
f 3757//3757 3758//3758 3759//3759
v 0.092794 -0.201000 0.436666
vn -0.194749 -0.000000 0.980853
v 0.093708 -0.199000 0.436860
vn -0.219454 -0.000000 0.975623
v 0.092794 -0.199000 0.436666
vn -0.194749 -0.000000 0.980853
f 3760//3760 3761//3761 3762//3762
v 0.093708 -0.201000 0.436860
vn -0.219454 -0.000000 0.975623
v 0.094614 -0.201000 0.437075
vn -0.241583 -0.000000 0.970380
v 0.094614 -0.199000 0.437075
vn -0.241583 -0.000000 0.970380
f 3763//3763 3764//3764 3765//3765
v 0.093708 -0.201000 0.436860
vn -0.219454 -0.000000 0.975623
v 0.094614 -0.199000 0.437075
vn -0.241583 -0.000000 0.970380
v 0.093708 -0.199000 0.436860
vn -0.219454 -0.000000 0.975623
f 3766//3766 3767//3767 3768//3768
v 0.094614 -0.201000 0.437075
vn -0.241583 -0.000000 0.970380
v 0.095513 -0.201000 0.437309
vn -0.261082 -0.000000 0.965317
v 0.095513 -0.199000 0.437309
vn -0.261082 -0.000000 0.965317
f 3769//3769 3770//3770 3771//3771
v 0.094614 -0.201000 0.437075
vn -0.241583 -0.000000 0.970380
v 0.095513 -0.199000 0.437309
vn -0.261082 -0.000000 0.965317
v 0.094614 -0.199000 0.437075
vn -0.241583 -0.000000 0.970380
f 3772//3772 3773//3773 3774//3774
v 0.095513 -0.201000 0.437309
vn -0.261082 -0.000000 0.965317
v 0.096405 -0.201000 0.437559
vn -0.277923 -0.000000 0.960603
v 0.096405 -0.199000 0.437559
vn -0.277923 -0.000000 0.960603
f 3775//3775 3776//3776 3777//3777
v 0.095513 -0.201000 0.437309
vn -0.261082 -0.000000 0.965317
v 0.096405 -0.199000 0.437559
vn -0.277923 -0.000000 0.960603
v 0.095513 -0.199000 0.437309
vn -0.261082 -0.000000 0.965317
f 3778//3778 3779//3779 3780//3780
v 0.096405 -0.201000 0.437559
vn -0.277923 -0.000000 0.960603
v 0.097292 -0.201000 0.437824
vn -0.292097 -0.000000 0.956389
v 0.097292 -0.199000 0.437824
vn -0.292097 -0.000000 0.956389
f 3781//3781 3782//3782 3783//3783
v 0.096405 -0.201000 0.437559
vn -0.277923 -0.000000 0.960603
v 0.097292 -0.199000 0.437824
vn -0.292097 -0.000000 0.956389
v 0.096405 -0.199000 0.437559
vn -0.277923 -0.000000 0.960603
f 3784//3784 3785//3785 3786//3786
v 0.097292 -0.201000 0.437824
vn -0.292097 -0.000000 0.956389
v 0.098175 -0.201000 0.438100
vn -0.805764 -0.000000 0.592237
v 0.098175 -0.199000 0.438100
vn -0.805764 -0.000000 0.592237
f 3787//3787 3788//3788 3789//3789
v 0.097292 -0.201000 0.437824
vn -0.292097 -0.000000 0.956389
v 0.098175 -0.199000 0.438100
vn -0.805764 -0.000000 0.592237
v 0.097292 -0.199000 0.437824
vn -0.292097 -0.000000 0.956389
f 3790//3790 3791//3791 3792//3792
v 0.098175 -0.201000 0.438100
vn -0.805764 -0.000000 0.592237
v 0.098175 -0.201000 0.448600
vn -0.707107 0.000000 -0.707107
v 0.098175 -0.199000 0.448600
vn -0.707107 0.000000 -0.707107
f 3793//3793 3794//3794 3795//3795
v 0.098175 -0.201000 0.438100
vn -0.805764 -0.000000 0.592237
v 0.098175 -0.199000 0.448600
vn -0.707107 0.000000 -0.707107
v 0.098175 -0.199000 0.438100
vn -0.805764 -0.000000 0.592237
f 3796//3796 3797//3797 3798//3798
v 0.098175 -0.201000 0.448600
vn -0.707107 0.000000 -0.707107
v 0.088350 -0.201000 0.448600
vn -0.707107 0.000000 -0.707107
v 0.088350 -0.199000 0.448600
vn -0.707107 0.000000 -0.707107
f 3799//3799 3800//3800 3801//3801
v 0.098175 -0.201000 0.448600
vn -0.707107 0.000000 -0.707107
v 0.088350 -0.199000 0.448600
vn -0.707107 0.000000 -0.707107
v 0.098175 -0.199000 0.448600
vn -0.707107 0.000000 -0.707107
f 3802//3802 3803//3803 3804//3804
v 0.088350 -0.201000 0.448600
vn -0.707107 0.000000 -0.707107
v 0.088350 -0.201000 0.455200
vn -0.707107 -0.000000 0.707107
v 0.088350 -0.199000 0.455200
vn -0.707107 -0.000000 0.707107
f 3805//3805 3806//3806 3807//3807
v 0.088350 -0.201000 0.448600
vn -0.707107 0.000000 -0.707107
v 0.088350 -0.199000 0.455200
vn -0.707107 -0.000000 0.707107
v 0.088350 -0.199000 0.448600
vn -0.707107 0.000000 -0.707107
f 3808//3808 3809//3809 3810//3810
v 0.088350 -0.201000 0.455200
vn -0.707107 -0.000000 0.707107
v 0.105525 -0.201000 0.455200
vn 0.707107 -0.000000 0.707107
v 0.105525 -0.199000 0.455200
vn 0.707107 -0.000000 0.707107
f 3811//3811 3812//3812 3813//3813
v 0.088350 -0.201000 0.455200
vn -0.707107 -0.000000 0.707107
v 0.105525 -0.199000 0.455200
vn 0.707107 -0.000000 0.707107
v 0.088350 -0.199000 0.455200
vn -0.707107 -0.000000 0.707107
f 3814//3814 3815//3815 3816//3816
v 0.105525 -0.201000 0.455200
vn 0.707107 -0.000000 0.707107
v 0.105525 -0.201000 0.433525
vn 0.833769 0.000000 -0.552114
v 0.105525 -0.199000 0.433525
vn 0.833769 0.000000 -0.552114
f 3817//3817 3818//3818 3819//3819
v 0.105525 -0.201000 0.455200
vn 0.707107 -0.000000 0.707107
v 0.105525 -0.199000 0.433525
vn 0.833769 0.000000 -0.552114
v 0.105525 -0.199000 0.455200
vn 0.707107 -0.000000 0.707107
f 3820//3820 3821//3821 3822//3822
v 0.105525 -0.201000 0.433525
vn 0.833769 0.000000 -0.552114
v 0.103844 -0.201000 0.432812
vn 0.377145 0.000000 -0.926154
v 0.103844 -0.199000 0.432812
vn 0.377145 0.000000 -0.926154
f 3823//3823 3824//3824 3825//3825
v 0.105525 -0.201000 0.433525
vn 0.833769 0.000000 -0.552114
v 0.103844 -0.199000 0.432812
vn 0.377145 0.000000 -0.926154
v 0.105525 -0.199000 0.433525
vn 0.833769 0.000000 -0.552114
f 3826//3826 3827//3827 3828//3828
v 0.123525 -0.201000 0.474550
vn 0.707107 0.000000 -0.707107
v 0.123525 -0.201000 0.459100
vn 0.707107 -0.000000 0.707107
v 0.123525 -0.199000 0.459100
vn 0.707107 -0.000000 0.707107
f 3829//3829 3830//3830 3831//3831
v 0.123525 -0.201000 0.474550
vn 0.707107 0.000000 -0.707107
v 0.123525 -0.199000 0.459100
vn 0.707107 -0.000000 0.707107
v 0.123525 -0.199000 0.474550
vn 0.707107 0.000000 -0.707107
f 3832//3832 3833//3833 3834//3834
v 0.123525 -0.201000 0.459100
vn 0.707107 -0.000000 0.707107
v 0.144450 -0.201000 0.459100
vn 0.707107 -0.000000 0.707107
v 0.144450 -0.199000 0.459100
vn 0.707107 -0.000000 0.707107
f 3835//3835 3836//3836 3837//3837
v 0.123525 -0.201000 0.459100
vn 0.707107 -0.000000 0.707107
v 0.144450 -0.199000 0.459100
vn 0.707107 -0.000000 0.707107
v 0.123525 -0.199000 0.459100
vn 0.707107 -0.000000 0.707107
f 3838//3838 3839//3839 3840//3840
v 0.144450 -0.201000 0.459100
vn 0.707107 -0.000000 0.707107
v 0.144450 -0.201000 0.452500
vn 0.707107 0.000000 -0.707107
v 0.144450 -0.199000 0.452500
vn 0.707107 0.000000 -0.707107
f 3841//3841 3842//3842 3843//3843
v 0.144450 -0.201000 0.459100
vn 0.707107 -0.000000 0.707107
v 0.144450 -0.199000 0.452500
vn 0.707107 0.000000 -0.707107
v 0.144450 -0.199000 0.459100
vn 0.707107 -0.000000 0.707107
f 3844//3844 3845//3845 3846//3846
v 0.144450 -0.201000 0.452500
vn 0.707107 0.000000 -0.707107
v 0.123525 -0.201000 0.452500
vn 0.707107 0.000000 -0.707107
v 0.123525 -0.199000 0.452500
vn 0.707107 0.000000 -0.707107
f 3847//3847 3848//3848 3849//3849
v 0.144450 -0.201000 0.452500
vn 0.707107 0.000000 -0.707107
v 0.123525 -0.199000 0.452500
vn 0.707107 0.000000 -0.707107
v 0.144450 -0.199000 0.452500
vn 0.707107 0.000000 -0.707107
f 3850//3850 3851//3851 3852//3852
v 0.123525 -0.201000 0.452500
vn 0.707107 0.000000 -0.707107
v 0.123525 -0.201000 0.436600
vn 0.707107 -0.000000 0.707107
v 0.123525 -0.199000 0.436600
vn 0.707107 -0.000000 0.707107
f 3853//3853 3854//3854 3855//3855
v 0.123525 -0.201000 0.452500
vn 0.707107 0.000000 -0.707107
v 0.123525 -0.199000 0.436600
vn 0.707107 -0.000000 0.707107
v 0.123525 -0.199000 0.452500
vn 0.707107 0.000000 -0.707107
f 3856//3856 3857//3857 3858//3858
v 0.123525 -0.201000 0.436600
vn 0.707107 -0.000000 0.707107
v 0.145875 -0.201000 0.436600
vn 0.707107 -0.000000 0.707107
v 0.145875 -0.199000 0.436600
vn 0.707107 -0.000000 0.707107
f 3859//3859 3860//3860 3861//3861
v 0.123525 -0.201000 0.436600
vn 0.707107 -0.000000 0.707107
v 0.145875 -0.199000 0.436600
vn 0.707107 -0.000000 0.707107
v 0.123525 -0.199000 0.436600
vn 0.707107 -0.000000 0.707107
f 3862//3862 3863//3863 3864//3864
v 0.145875 -0.201000 0.436600
vn 0.707107 -0.000000 0.707107
v 0.145875 -0.201000 0.430000
vn 0.707107 0.000000 -0.707107
v 0.145875 -0.199000 0.430000
vn 0.707107 0.000000 -0.707107
f 3865//3865 3866//3866 3867//3867
v 0.145875 -0.201000 0.436600
vn 0.707107 -0.000000 0.707107
v 0.145875 -0.199000 0.430000
vn 0.707107 0.000000 -0.707107
v 0.145875 -0.199000 0.436600
vn 0.707107 -0.000000 0.707107
f 3868//3868 3869//3869 3870//3870
v 0.145875 -0.201000 0.430000
vn 0.707107 0.000000 -0.707107
v 0.116175 -0.201000 0.430000
vn -0.707107 0.000000 -0.707107
v 0.116175 -0.199000 0.430000
vn -0.707107 0.000000 -0.707107
f 3871//3871 3872//3872 3873//3873
v 0.145875 -0.201000 0.430000
vn 0.707107 0.000000 -0.707107
v 0.116175 -0.199000 0.430000
vn -0.707107 0.000000 -0.707107
v 0.145875 -0.199000 0.430000
vn 0.707107 0.000000 -0.707107
f 3874//3874 3875//3875 3876//3876
v 0.116175 -0.201000 0.430000
vn -0.707107 0.000000 -0.707107
v 0.116175 -0.201000 0.481150
vn -0.707107 -0.000000 0.707107
v 0.116175 -0.199000 0.481150
vn -0.707107 -0.000000 0.707107
f 3877//3877 3878//3878 3879//3879
v 0.116175 -0.201000 0.430000
vn -0.707107 0.000000 -0.707107
v 0.116175 -0.199000 0.481150
vn -0.707107 -0.000000 0.707107
v 0.116175 -0.199000 0.430000
vn -0.707107 0.000000 -0.707107
f 3880//3880 3881//3881 3882//3882
v 0.116175 -0.201000 0.481150
vn -0.707107 -0.000000 0.707107
v 0.145200 -0.201000 0.481150
vn 0.707107 -0.000000 0.707107
v 0.145200 -0.199000 0.481150
vn 0.707107 -0.000000 0.707107
f 3883//3883 3884//3884 3885//3885
v 0.116175 -0.201000 0.481150
vn -0.707107 -0.000000 0.707107
v 0.145200 -0.199000 0.481150
vn 0.707107 -0.000000 0.707107
v 0.116175 -0.199000 0.481150
vn -0.707107 -0.000000 0.707107
f 3886//3886 3887//3887 3888//3888
v 0.145200 -0.201000 0.481150
vn 0.707107 -0.000000 0.707107
v 0.145200 -0.201000 0.474550
vn 0.707107 0.000000 -0.707107
v 0.145200 -0.199000 0.474550
vn 0.707107 0.000000 -0.707107
f 3889//3889 3890//3890 3891//3891
v 0.145200 -0.201000 0.481150
vn 0.707107 -0.000000 0.707107
v 0.145200 -0.199000 0.474550
vn 0.707107 0.000000 -0.707107
v 0.145200 -0.199000 0.481150
vn 0.707107 -0.000000 0.707107
f 3892//3892 3893//3893 3894//3894
v 0.145200 -0.201000 0.474550
vn 0.707107 0.000000 -0.707107
v 0.123525 -0.201000 0.474550
vn 0.707107 0.000000 -0.707107
v 0.123525 -0.199000 0.474550
vn 0.707107 0.000000 -0.707107
f 3895//3895 3896//3896 3897//3897
v 0.145200 -0.201000 0.474550
vn 0.707107 0.000000 -0.707107
v 0.123525 -0.199000 0.474550
vn 0.707107 0.000000 -0.707107
v 0.145200 -0.199000 0.474550
vn 0.707107 0.000000 -0.707107
f 3898//3898 3899//3899 3900//3900
